advertiser,break_code,order_demo,daypart,inventory_code,priority_code,booked_spots,sub_category,start_time,end_time,gross_revenue
3M Corp,CM,A25-54,AM,Local News @ 430a M-F,P05-SB,1.0,RT-Office Supply/Furniture,04:29:00,04:57:00,144345.0
Academy Sports & Outdoor,CM,A25-54,AM,Local News @ 5a M-F,P05-SB,1.0,RT-Sporting Goods,04:57:00,05:59:00,861043.0
Albertsons,CM,W25-54,AM,Local News @ 10p M-F,P05-SB,0.0,RT-Supermarkets/Grocery Stores,16:58:00,17:30:00,64600.0
Aldi Foods,CM,W25-54,AM,Local News @ 5p M-F,P05-SB,1.0,RT-Supermarkets/Grocery Stores,16:58:00,17:30:00,734400.0
Amazon.com,CM,A25-54,LF,Jimmy Kimmel,P04-GB,1.0,RT-Retail - Other,22:35:00,23:37:00,98500.0
Art Liquidators,CM,A25-54,AM,Local News @ 7a Sa,P05-SB,1.0,RT-Discount Stores,06:58:00,09:00:00,19400.0
Ashley Furniture Homestores - Dallas,CM,W25-54,AM,Local News @ 6a M-F,P04-GB,1.0,RT-Furniture,22:35:00,07:00:00,503825.0
At Home Furnishings,CM,W25-54,DY,Good Morning America,P04-GB,0.5,RT-Decorating/Interior Design,07:00:00,09:00:00,1207585.0
Bass Pro Shops,CM,HH,LF,Local News @ 10p M-F R,P04-GB,0.5,RT-Sporting Goods,00:36:00,01:12:00,1070.0
Bassett Furniture - TX,CM,W35-64,AM,Good Morning America,P05-SB,1.0,RT-Furniture,07:00:00,09:00:00,167485.0
Belk,CM,W25-54,EN,Local News @ 4p M-F,P05-SB,1.0,RT-Department Stores/Malls,15:58:00,17:00:00,260425.0
Big Lots,CM,W25-54,DY,Good Morning Texas 9-10a,P05-SB,1.0,RT-Discount Stores,08:58:00,09:57:00,38100.0
Boot Barn,CM,A25-54,EN,Local News @ 6p M-F,P04-GB,1.0,RT-Department Stores/Malls,17:58:00,18:30:00,222465.0
Burlington Coat Factory,CM,W25-49,AM,Local News @ 5a M-F,P05-SB,0.5,RT-Department Stores/Malls,04:57:00,05:59:00,225.0
Busy Body Fitness,CM,A35-64,LF,Nightline,P05-SB,1.0,RT-Sporting Goods,23:37:00,00:06:00,12750.0
CIMPRESS USA INC,CM,HH,AM,Good Morning America,P03-PB,1.0,RT-Other,07:00:00,09:00:00,1600.0
Cabela's Incorporated,CM,A25-54,EN,Local News @ 4p M-F,P04-GB,1.0,RT-Sporting Goods,15:58:00,17:00:00,260450.0
Casper.com dba Casper Sleep,CM,A25-54,LF,Inside Ed 1206-1236a,P04-GB,1.0,RT-Beds-Mattress,00:06:00,00:38:00,18550.0
Cavender's Boot City,CM,A18-54,LF,Jimmy Kimmel,P04-GB,1.0,RT-Department Stores/Malls,22:35:00,23:37:00,30750.0
Celltex Therapuetics Corporation,CM,A55+,AM,Good Morning America Su,P03-PB,1.0,RT-Drug Stores,06:58:00,08:00:00,32400.0
Conn's,CM,A25-54,AM,Local News @ 6p M-F,P05-SB,1.0,RT-Electronic Stores,17:58:00,09:00:00,681759.0
"Diamond Broker Inc, The",CM,W35-64,AM,Good Morning America,P05-SB,1.0,RT-Jewelry Stores,07:00:00,09:00:00,29050.0
Dick's Sporting Goods,CM,A25-54,AM,Good Morning Texas 9-10a,P04-GB,1.0,RT-Sporting Goods,17:58:00,18:30:00,319695.0
Dillards Department Store,CM,A25-54,AM,Good Morning America,P05-SB,1.0,RT-Department Stores/Malls,18:57:00,07:00:00,212275.0
"Dump, The",CM,W25-54,DY,Local News @ 12p M-F,P05-SB,1.0,RT-Furniture,11:59:00,13:00:00,417201.25
Family Dollar,CM,W35-64,DY,The View,P05-SB,0.5,RT-Discount Stores,09:57:00,11:00:00,239922.5
Fiesta Marts,CM,W25-54,LF,Jimmy Kimmel,P04-GB,0.5,RT-Supermarkets/Grocery Stores,22:35:00,00:06:00,265710.0
Five Below,CM,W25-49,LF,ET 630-7p,P05-SB,0.5,RT-Discount Stores,18:28:00,17:30:00,126062.5
Freeds Home Furnishings,CM,W25-64,DY,Local News @ 12p M-F,P04-GB,1.0,RT-Furniture,11:59:00,13:00:00,464925.0
GNC,CM,HH,MISC,Red Carpet Special,P06-UD,1.0,RT-Retail - Other,00:35:00,04:00:00,57500.0
"Gap, The",CM,A18-49,PR,Mon Prime Other,P03-PB,1.0,RT-Department Stores/Malls,18:57:00,20:00:00,50500.0
Global Rug Liquidators,CM,A25-54,ON,211-241a M-Th,P05-SB,1.0,RT-Decorating/Interior Design,02:11:00,04:00:00,69625.0
Good Neighbor Pharmacies,CM,A35-64,WK,Wknd ROS 11a-530p Sa-Su,P04-GB,1.0,RT-Drug Stores,16:58:00,17:30:00,133650.0
Great American Cookies,CM,W25-54,EN,Local News @ 5a M-F,P04-GB,1.0,RT-Specialty Stores,04:57:00,05:59:00,71605.0
Great Western Furniture,CM,HH,DY,The Chew,P05-SB,0.5,RT-Furniture,11:00:00,13:00:00,4875.0
Groupe SEB USA dba T-Fal Wearever,CM,A25-54,AM,Local News @ 5a M-F,P05-SB,0.5,RT-Appliance Stores,04:57:00,05:59:00,53340.0
Havertys Furniture,CM,W25-54,DY,General Hospital,P04-GB,1.0,RT-Furniture,13:00:00,14:00:00,715450.0
Hemisphere,CM,W35-54,AM,Good Morning America,P04-GB,1.0,RT-Furniture,07:00:00,09:00:00,397178.0
Home Goods,CM,W25-54,PR,ET 630-7p,P05-SB,1.0,RT-Department Stores/Malls,18:57:00,18:57:00,108800.0
Ikea,CM,W25-54,PR,Good Morning Texas 9-10a,P05-SB,1.0,RT-Furniture,18:57:00,09:57:00,157410.0
International Suit Wearhouse,CM,M25-54,AM,Local News @ 5a M-F,P05-SB,0.5,RT-Clothing/Apparel/Accessories,04:57:00,05:59:00,9560.0
JC Penney,CM,A18-49,LF,Jimmy Kimmel,P05-SB,0.5,RT-Department Stores/Malls,22:35:00,23:37:00,550.0
Jab-Jos A Bank,CM,M35-54,LF,Inside Ed 1206-1236a,P04-GB,1.0,RT-Clothing/Apparel/Accessories,00:06:00,00:38:00,1500.0
Jewelry Exchange,CM,A25-54,ON,211-241a M-Th,P05-SB,1.0,RT-Jewelry Stores,02:11:00,04:00:00,242787.0
K & G Men's Center,CM,A25-54,LF,Local News @ 10p M-F R,P04-GB,1.0,RT-Clothing/Apparel/Accessories,00:36:00,01:12:00,80040.0
Kawai Piano Gallery,CM,A35+,AM,Good Morning America,P05-SB,1.0,RT-Specialty Stores,07:00:00,09:00:00,36267.0
Koslows Furs,CM,A25-54,DY,Local News @ 4p M-F,P04-GB,1.0,RT-Clothing/Apparel/Accessories,04:57:00,05:59:00,12550.0
Kroger,CM,W25-54,LF,Local News @ 4p M-F,P04-GB,1.0,RT-Supermarkets/Grocery Stores,16:58:00,17:30:00,1097334.0
LG Electronics US Inc,CM,A35-64,AM,Good Morning America,P04-GB,1.0,RT-Electronic Stores,07:00:00,09:00:00,110600.0
Lebco Industries dba La-Z-Boy,CM,W35-64,AM,Local News @ 6a M-F,P05-SB,1.0,RT-Furniture,05:58:00,07:00:00,236425.0
Mariloff Diamonds & Fine Jewelry,PRO,A18-34,LN,Local News @ 6a M-F,P08-BF,0.0,RT-Jewelry Stores,21:59:00,07:00:00,26888.4
Mary Kay - direct,TI,A25-54,DY,9a M-F Studio Seg TI 06,P01-STN,0.2,RT-Retail - Other,08:58:00,09:57:00,4000.0
Mattress Firm,CM,A25-54,EN,Local News @ 4p M-F,P05-SB,0.5,RT-Beds-Mattress,15:58:00,17:00:00,5583.0
Mattress Firm Direct,CM,W35-64,AM,Local News @ 5a M-F,P04-GB,1.0,RT-Beds-Mattress,04:57:00,05:59:00,1026636.0
Men's Wearhouse,CM,M25-54,LF,Local News @ 430a M-F,P05-SB,1.0,RT-Clothing/Apparel/Accessories,04:29:00,04:57:00,81697.0
"Michael Kors (USA), Inc.",CM,A25-54,DY,Daily Blast Live 230-3p,P05-SB,1.0,RT-Clothing/Apparel/Accessories,14:30:00,15:00:00,48157.0
Nebraska Funiture Mart,CM,A25-54,AM,Local News @ 5a M-F,P04-GB,1.0,RT-Furniture,04:57:00,04:00:00,2638805.0
New Balance DFW,CM,W35-64,EN,Local News @ 4p M-F,P04-GB,1.0,RT-Department Stores/Malls,15:58:00,17:00:00,36550.0
Nike,CM,A21-34,PR,Mon Prime Other,P02-FTB,1.0,RT-Clothing/Apparel/Accessories,18:57:00,22:00:00,19000.0
NorthPark Merchant's Association,TI,HH,DY,9a M-F Studio Seg TI 06,P01-STN,0.2,RT-Department Stores/Malls,08:58:00,09:57:00,45600.0
Orchard Managment,CM,A35+,AM,Local News @ 430a M-F,P05-SB,1.0,RT-Supermarkets/Grocery Stores,04:29:00,04:57:00,31930.0
Peloton Interactive LLC,CM,A35-54,DY,Local News @ 12p M-F,P04-GB,1.0,RT-Sporting Goods,09:57:00,13:00:00,143550.0
Quick Trip,CM,A18-49,LF,Local News @ 10p M-F R,P04-GB,1.0,RT-Convenience Stores/Gas Stns,00:36:00,01:12:00,204125.0
Racetrac,CM,HH,AM,Local News @ 5a M-F,P05-SB,2.0,RT-Convenience Stores/Gas Stns,04:57:00,05:59:00,800.0
Rooms To Go,CM,W25-54,LF,Local News @ 5p M-F,P04-GB,1.0,RT-Furniture,16:58:00,17:30:00,2386719.0
Ross Stores,CM,HH,AM,ET 630-7p,P05-SB,1.0,RT-Department Stores/Malls,16:58:00,09:00:00,873530.0
Rusty by Design LLC,TI,HH,DY,Good Morning Texas 9-10a,P01-STN,0.2,RT-Retail - Other,08:58:00,09:57:00,4800.0
Safeway,CM,A25-54,AM,The View,P05-SB,0.0,RT-Supermarkets/Grocery Stores,09:57:00,09:00:00,94075.0
Salvation Army,PSA,A25-54,ON,211-241a M-Th,P04-GB,1.0,RT-Discount Stores,02:11:00,02:41:00,
Sam's Club,TI,A25-54,DY,Good Morning Texas 9-10a,P01-STN,0.2,RT-Discount Stores,08:58:00,09:57:00,15000.0
Sealy Mattress,CM,HH,AM,Local News @ 5a M-F,P07-ZD,0.5,RT-Beds-Mattress,04:57:00,05:59:00,200.0
Select Comfort,CM,A25-54,LF,Inside Ed 1206-1236a,P05-SB,1.0,RT-Furniture,00:06:00,04:00:00,515085.5
Simon Malls,CM,W25-49,EF,Inside Ed 330-4p,P04-GB,1.0,RT-Department Stores/Malls,15:30:00,16:00:00,47950.0
Sleep Experts Mattress,CM,A25-54,LF,Local News @ 4p M-F,P05-SB,1.0,RT-Beds-Mattress,15:58:00,17:00:00,196196.0
Sly & Associates,CM,A25-54,LF,Scandal 1130p-1230a Su,P05-SB,0.5,RT-Specialty Stores,06:58:00,00:30:00,14300.0
Sony Music,CM,W18-54,PR,Mon Prime Other,P04-GB,1.0,RT-Retail - Other,18:57:00,22:00:00,4000.0
Spectrum Brands,CM,M35-64,SP,Indy 500,P04-GB,1.0,RT-Retail - Other,00:35:00,04:00:00,19000.0
St. Martin's Press,CM,A35-64,AM,Good Morning America,P04-GB,0.5,RT-Retail - Other,07:00:00,09:00:00,7800.0
Stacy's Furniture,CM,W25-54,AM,Good Morning America,P04-GB,1.0,RT-Furniture,07:00:00,09:00:00,679800.0
Stamps.com,CM,HH,AM,Good Morning America Su,P05-SB,1.0,RT-Other,06:58:00,08:00:00,250.0
"Starpower Home Entertainment Systems, Inc",CM,A25-64,AM,Local News @ 6a M-F,P04-GB,0.0,RT-Electronic Stores,05:58:00,07:00:00,16400.0
SteinMart,CM,W35-54,DY,ET 630-7p,P04-GB,1.0,RT-Retail - Other,18:28:00,18:57:00,199300.0
Sunnyland Furniture,CM,W35+,LF,Local News @ 10p M-F R,P05-SB,1.0,RT-Furniture,00:36:00,01:12:00,107056.0
TJX Companies,CM,W25-54,AM,Good Morning America,P05-SB,1.0,RT-Department Stores/Malls,07:00:00,09:00:00,174178.0
Tanger Outlet Center,CM,W25-54,LN,Local News @ 10p M-F,P05-SB,1.0,RT-Department Stores/Malls,21:59:00,23:00:00,27200.0
Tempur-Sealy,CM,A25-54,AM,Good Morning America,P04-GB,1.0,RT-Beds-Mattress,07:00:00,09:00:00,1000.0
"Texas Appliance Supply, Inc",CM,A25-54,AM,Good Morning America,P04-GB,1.0,RT-Appliance Stores,07:00:00,09:00:00,110780.0
U-Haul International,CM,A21-54,ON,Jimmy Kimmel,P04-GB,1.0,RT-Other,05:58:00,07:00:00,76550.0
Under Armour,CM,A18-54,LF,Jimmy Kimmel,P03-PB,2.0,RT-Clothing/Apparel/Accessories,22:35:00,23:37:00,4000.0
Walmart,CM,A18-49,AM,Local News @ 5a M-F,P04-GB,1.0,RT-Discount Stores,04:57:00,05:59:00,203200.0
Wrangler,CM,A25-54,SP,NFL Wild Card Game,P04-GB,0.0,RT-Clothing/Apparel/Accessories,03:10:00,04:00:00,25000.0
Yankee Candle Co. Inc,CM,W18-49,PR,Fri Prime A,P04-GB,1.0,RT-Discount Stores,18:57:00,20:00:00,15300.0
