Advertiser,Break_code,Order Demo,Daypart,inventory_code,Priority Code,booked_spots,sub_category,cluster
3M Corp,CM,A25-54,AM,Local News @ 430a M-F,P05-SB,1,RT-Office Supply/Furniture,5
Academy Sports & Outdoor,CM,A25-49,AM,Local News @ 5a M-F,P05-SB,1,RT-Sporting Goods,-1
Albertson's - direct,TI,A25-54,DY,9a M-F On Location TI 06,P01-STN,0.2,RT-Supermarkets/Grocery Stores,0
Albertsons,CM,W25-54,AM,Inside Ed 230-3p*,P05-SB,0,RT-Supermarkets/Grocery Stores,3
Albra Dewyn LLC,TI,A25-54,DY,9a M-F Studio Seg TI 06,P01-STN,0,RT-Specialty Stores,0
Aldi Foods,CM,W25-54,AM,Local News @ 5p M-F,P05-SB,1,RT-Supermarkets/Grocery Stores,3
Amazon.com,CM,A25-54,LF,Jimmy Kimmel,P04-GB,1,RT-Retail - Other,1
Art Liquidators,CM,A25-54,AM,Local News @ 7a Sa,P05-SB,1,RT-Discount Stores,5
Ashley Furniture Homestores - Dallas,CM,W25-54,AM,Local News @ 6a M-F,P04-GB,1,RT-Furniture,3
At Home Furnishings,CM,W25-54,DY,Good Morning America,P04-GB,0.5,RT-Decorating/Interior Design,2
B's Knees,TI,A25-54,DY,9a M-F Studio Seg TI 06,P01-STN,0.2,RT-Decorating/Interior Design,0
Bass Pro Shops,CM,HH,LF,Local News @ 10p M-F R,P04-GB,0.5,RT-Sporting Goods,-1
Bassett Furniture - TX,CM,W35-64,AM,Good Morning America,P05-SB,1,RT-Furniture,-1
Belk,CM,W25-54,EN,Local News @ 4p M-F,P05-SB,1,RT-Department Stores/Malls,-1
Big Lots,CM,W25-54,DY,Good Morning Texas 9-10a,P05-SB,1,RT-Discount Stores,2
Boot Barn,CM,A25-54,EN,Local News @ 6p M-F,P04-GB,1,RT-Department Stores/Malls,-1
Burlington Coat Factory,CM,W25-49,AM,Local News @ 5a M-F,P05-SB,0.5,RT-Department Stores/Malls,-1
Busy Body Fitness,CM,A35-64,LF,Nightline,P05-SB,1,RT-Sporting Goods,-1
CIMPRESS USA INC,CM,HH,AM,Good Morning America,P03-PB,1,RT-Other,4
Cabela's Incorporated,CM,A25-54,EN,Local News @ 4p M-F,P04-GB,1,RT-Sporting Goods,-1
Casper.com dba Casper Sleep,CM,A25-54,LF,Inside Ed 1206-1236a,P04-GB,1,RT-Beds-Mattress,1
Cavender's Boot City,CM,A18-54,LF,Jimmy Kimmel,P04-GB,1,RT-Department Stores/Malls,-1
Celltex Therapuetics Corporation,CM,A55+,AM,Good Morning America Su,P03-PB,1,RT-Drug Stores,-1
"Common Desk IP, LLC",TI,A25-54,DY,9a M-F On Location TI 06,P01-STN,0.2,RT-Retail - Other,0
Conn's,CM,A25-54,AM,Local News @ 6p M-F,P05-SB,1,RT-Electronic Stores,5
"Diamond Broker Inc, The",CM,W35-64,AM,Good Morning America,P05-SB,1,RT-Jewelry Stores,-1
Dick's Sporting Goods,CM,A25-54,AM,Good Morning Texas 9-10a,P04-GB,1,RT-Sporting Goods,5
Dillards Department Store,CM,A25-54,AM,Good Morning America,P05-SB,1,RT-Department Stores/Malls,5
Door LLC,TI,A25-54,DY,9a M-F Studio Seg TI 06,P01-STN,0.2,RT-Decorating/Interior Design,0
"Dump, The",CM,W25-54,DY,Local News @ 12p M-F,P05-SB,1,RT-Furniture,2
Family Dollar,CM,W35-64,DY,The View,P05-SB,0.5,RT-Discount Stores,-1
Fiesta Marts,CM,A25-54,LF,Jimmy Kimmel,P03-PB,0.5,RT-Supermarkets/Grocery Stores,1
Five Below,CM,W25-49,LF,ET 630-7p,P05-SB,0.5,RT-Discount Stores,-1
Freeds Home Furnishings,CM,W25-64,AM,Local News @ 12p M-F,P04-GB,1,RT-Furniture,-1
GNC,CM,HH,MISC,Red Carpet Special,P06-UD,1,RT-Retail - Other,-1
"Gap, The",CM,A18-49,PR,Mon Prime Other,P03-PB,1,RT-Department Stores/Malls,-1
Global Rug Liquidators,CM,A25-54,ON,211-241a M-Th,P05-SB,1,RT-Decorating/Interior Design,-1
Good Neighbor Pharmacies,CM,A35-64,WK,Wknd ROS 11a-530p Sa-Su,P07-ZD,1,RT-Drug Stores,-1
Great American Cookies,CM,W25-54,EN,Local News @ 5a M-F,P04-GB,1,RT-Specialty Stores,-1
Great Western Furniture,CM,HH,DY,Inside Ed 230-3p*,P05-SB,0.5,RT-Furniture,-1
Groupe SEB USA dba T-Fal Wearever,CM,A25-54,AM,Local News @ 5a M-F,P05-SB,0.5,RT-Appliance Stores,5
Havertys Furniture,CM,W25-54,DY,General Hospital,P04-GB,1,RT-Furniture,2
Hemisphere,CM,W35-54,AM,Good Morning America,P04-GB,1,RT-Furniture,-1
Home Goods,CM,W25-54,PR,ET 630-7p,P05-SB,1,RT-Department Stores/Malls,-1
IBB Design Group,TI,A25-54,DY,9a M-F Produced Seg TI 06,P01-STN,0.2,RT-Furniture,0
Ikea,CM,W25-54,DY,Insider 2-230p*,P05-SB,1,RT-Furniture,2
International Suit Wearhouse,CM,M25-54,AM,Local News @ 5a M-F,P05-SB,0.5,RT-Clothing/Apparel/Accessories,-1
JC Penney,CM,A18-49,LF,Jimmy Kimmel,P05-SB,0.5,RT-Department Stores/Malls,-1
Jab-Jos A Bank,CM,M35-54,LF,Inside Ed 1206-1236a,P04-GB,1,RT-Clothing/Apparel/Accessories,-1
Jewelry Exchange,CM,A25-54,ON,211-241a M-Th,P05-SB,1,RT-Jewelry Stores,-1
K & G Men's Center,CM,A25-54,LF,Local News @ 10p M-F R,P04-GB,1,RT-Clothing/Apparel/Accessories,1
Kawai Piano Gallery,CM,A35+,AM,Good Morning America,P05-SB,1,RT-Specialty Stores,-1
Koslows Furs,CM,A25-54,DY,Local News @ 4p M-F,P04-GB,1,RT-Clothing/Apparel/Accessories,-1
Kroger,CM,W25-54,LF,Local News @ 4p M-F,P04-GB,1,RT-Supermarkets/Grocery Stores,-1
LG Electronics US Inc,CM,A35-64,AM,Good Morning America,P04-GB,1,RT-Electronic Stores,-1
Lebco Industries dba La-Z-Boy,CM,W35-64,AM,Local News @ 6a M-F,P05-SB,1,RT-Furniture,-1
Mariloff Diamonds & Fine Jewelry,BB,A25-54,EN,530p Su VS Spon BB 10,P01-STN,0,RT-Jewelry Stores,-1
Mary Kay - direct,TI,A25-54,DY,9a M-F Studio Seg TI 06,P01-STN,0.2,RT-Retail - Other,0
Mattress Firm,CM,A25-54,EN,Local News @ 4p M-F,P05-SB,0.5,RT-Beds-Mattress,-1
Mattress Firm Direct,CM,W35-64,AM,Local News @ 5a M-F,P04-GB,1,RT-Beds-Mattress,-1
Men's Wearhouse,CM,M25-54,LF,Local News @ 430a M-F,P05-SB,1,RT-Clothing/Apparel/Accessories,-1
"Michael Kors (USA), Inc.",CM,A25-54,DY,Daily Blast Live 230-3p,P05-SB,1,RT-Clothing/Apparel/Accessories,-1
Nebraska Funiture Mart,CM,A25-54,AM,Local News @ 5a M-F,P04-GB,1,RT-Furniture,5
New Balance DFW,CM,W35-64,EN,Local News @ 4p M-F,P04-GB,1,RT-Department Stores/Malls,-1
Nike,CM,A21-34,PR,Mon Prime Other,P02-FTB,1,RT-Clothing/Apparel/Accessories,-1
NorthPark Merchant's Association,TI,HH,DY,9a M-F Studio Seg TI 06,P01-STN,0.2,RT-Department Stores/Malls,0
Orchard Managment,CM,A35+,AM,Local News @ 430a M-F,P05-SB,1,RT-Supermarkets/Grocery Stores,-1
Peloton Interactive LLC,CM,A35-54,DY,Local News @ 12p M-F,P04-GB,1,RT-Sporting Goods,2
Quick Trip,CM,A18-49,LF,Local News @ 10p M-F R,P04-GB,1,RT-Convenience Stores/Gas Stns,1
Racetrac,CM,HH,AM,Local News @ 5a M-F,P05-SB,2,RT-Convenience Stores/Gas Stns,4
Rooms To Go,CM,W25-54,LF,TD Jakes 3-4p*,P04-GB,1,RT-Furniture,-1
Ross Stores,CM,HH,AM,ET 630-7p,P05-SB,1,RT-Department Stores/Malls,4
Rusty by Design LLC,TI,HH,DY,9a M-F Studio Seg TI 06,P01-STN,0.2,RT-Retail - Other,0
Safeway,CM,A25-54,AM,The View,P05-SB,0,RT-Supermarkets/Grocery Stores,5
Salvation Army,PSA,A25-54,ON,211-241a M-Th,P04-GB,1,RT-Discount Stores,-1
Sam's Club,TI,A25-54,DY,9a M-F Studio Seg TI 06,P01-STN,0.2,RT-Discount Stores,0
Sealy Mattress,CM,HH,AM,Local News @ 5a M-F,P07-ZD,0.5,RT-Beds-Mattress,4
Select Comfort,CM,A25-54,LF,Inside Ed 1206-1236a,P05-SB,1,RT-Furniture,1
Shop With Style,TI,A25-54,DY,9a M-F Studio Seg TI 06,P01-STN,0,RT-Retail - Other,0
Simon Malls,BB,W25-49,DY,Inside Ed 330-4p,P01-STN,0.333333333,RT-Department Stores/Malls,-1
Simon Malls/ Premuim Outlets,TI,A25-54,DY,9a M-F On Location TI 06,P01-STN,0.2,RT-Department Stores/Malls,0
Sleep Experts Mattress,CM,A25-54,LF,TD Jakes 3-4p*,P05-SB,1,RT-Beds-Mattress,1
Sly & Associates,CM,A25-54,LF,Scandal 1130p-1230a Su,P05-SB,0.5,RT-Specialty Stores,1
Sony Music,CM,W18-54,PR,Mon Prime Other,P04-GB,1,RT-Retail - Other,-1
Spectrum Brands,CM,M35-64,SP,Indy 500,P04-GB,1,RT-Retail - Other,-1
St. Martin's Press,CM,A35-64,AM,Good Morning America,P04-GB,0.5,RT-Retail - Other,-1
Stacy's Furniture,CM,W25-54,AM,Good Morning America,P04-GB,1,RT-Furniture,3
Stamps.com,CM,HH,AM,Good Morning America Su,P05-SB,1,RT-Other,4
Stand Together,TI,HH,DY,9a M-F Studio Seg TI 06,P01-STN,0.2,RT-Retail - Other,0
"Starpower Home Entertainment Systems, Inc",CM,A25-64,AM,Local News @ 6a M-F,P04-GB,0,RT-Electronic Stores,-1
SteinMart,CM,W35-54,DY,ET 630-7p,P04-GB,1,RT-Retail - Other,-1
Sub-Zero,TI,A25-54,DY,9a M-F Studio Seg TI 06,P04-GB,0.2,RT-Appliance Stores,0
Sunnyland Furniture,BB,A35+,DY,4p M-F CC Spon BB 10,P01-STN,0.333333333,RT-Furniture,-1
TJX Companies,CM,W25-54,AM,Good Morning America,P05-SB,1,RT-Department Stores/Malls,3
Tanger Outlet Center,CM,W25-54,LN,Local News @ 10p M-F,P05-SB,1,RT-Department Stores/Malls,-1
Tanseth Inc,BB,HH,DY,9a M-F WX Spon BB 10,P01-STN,0.333333333,RT-Furniture,-1
Tempur-Sealy,CM,A25-54,AM,Good Morning America,P04-GB,1,RT-Beds-Mattress,5
"Texas Appliance Supply, Inc",CM,A25-54,AM,Good Morning America,P04-GB,1,RT-Appliance Stores,5
U-Haul International,CM,A21-54,ON,Jimmy Kimmel,P04-GB,1,RT-Other,-1
Under Armour,CM,A18-54,LF,Jimmy Kimmel,P03-PB,2,RT-Clothing/Apparel/Accessories,-1
Walmart,CM,A18-49,AM,Local News @ 5a M-F,P04-GB,1,RT-Discount Stores,-1
Wrangler,CM,A25-54,SP,NFL Wild Card Game,P04-GB,0,RT-Clothing/Apparel/Accessories,-1
Yankee Candle Co. Inc,CM,W18-49,PR,Fri Prime A,P04-GB,1,RT-Discount Stores,-1
,,,,,,,,
,,,,,,,,
,,,,,,,,
,,,,Order Demo,Daypart,Priority Code,booked_spots,
,,,,HH,AM,P03-PB,1,
,,,,HH,AM,P05-SB,2,
,,,,HH,AM,P05-SB,1,
,,,,HH,AM,P07-ZD,0.5,
,,,,HH,AM,P05-SB,1,
