Advertiser,Break_code,Order Demo,Daypart,inventory_code,Priority Code,booked_spots,sub_category
3M Corp,CM,A25-54,AM,Local News @ 430a M-F,P05-SB,1.0,RT-Office Supply/Furniture
Academy Sports & Outdoor,CM,A25-49,AM,Local News @ 5a M-F,P05-SB,1.0,RT-Sporting Goods
Albertson's - direct,TI,A25-54,DY,9a M-F On Location TI 06,P01-STN,0.2,RT-Supermarkets/Grocery Stores
Albertsons,CM,W25-54,AM,Inside Ed 230-3p*,P05-SB,0.0,RT-Supermarkets/Grocery Stores
Albra Dewyn LLC,TI,A25-54,DY,9a M-F Studio Seg TI 06,P01-STN,0.0,RT-Specialty Stores
Aldi Foods,CM,W25-54,AM,Local News @ 5p M-F,P05-SB,1.0,RT-Supermarkets/Grocery Stores
Amazon.com,CM,A25-54,LF,Jimmy Kimmel,P04-GB,1.0,RT-Retail - Other
Art Liquidators,CM,A25-54,AM,Local News @ 7a Sa,P05-SB,1.0,RT-Discount Stores
Ashley Furniture Homestores - Dallas,CM,W25-54,AM,Local News @ 6a M-F,P04-GB,1.0,RT-Furniture
At Home Furnishings,CM,W25-54,DY,Good Morning America,P04-GB,0.5,RT-Decorating/Interior Design
B's Knees,TI,A25-54,DY,9a M-F Studio Seg TI 06,P01-STN,0.2,RT-Decorating/Interior Design
Bass Pro Shops,CM,HH,LF,Local News @ 10p M-F R,P04-GB,0.5,RT-Sporting Goods
Bassett Furniture - TX,CM,W35-64,AM,Good Morning America,P05-SB,1.0,RT-Furniture
Belk,CM,W25-54,EN,Local News @ 4p M-F,P05-SB,1.0,RT-Department Stores/Malls
Big Lots,CM,W25-54,DY,Good Morning Texas 9-10a,P05-SB,1.0,RT-Discount Stores
Boot Barn,CM,A25-54,EN,Local News @ 6p M-F,P04-GB,1.0,RT-Department Stores/Malls
Burlington Coat Factory,CM,W25-49,AM,Local News @ 5a M-F,P05-SB,0.5,RT-Department Stores/Malls
Busy Body Fitness,CM,A35-64,LF,Nightline,P05-SB,1.0,RT-Sporting Goods
CIMPRESS USA INC,CM,HH,AM,Good Morning America,P03-PB,1.0,RT-Other
Cabela's Incorporated,CM,A25-54,EN,Local News @ 4p M-F,P04-GB,1.0,RT-Sporting Goods
Casper.com dba Casper Sleep,CM,A25-54,LF,Inside Ed 1206-1236a,P04-GB,1.0,RT-Beds-Mattress
Cavender's Boot City,CM,A18-54,LF,Jimmy Kimmel,P04-GB,1.0,RT-Department Stores/Malls
Celltex Therapuetics Corporation,CM,A55+,AM,Good Morning America Su,P03-PB,1.0,RT-Drug Stores
"Common Desk IP, LLC",TI,A25-54,DY,9a M-F On Location TI 06,P01-STN,0.2,RT-Retail - Other
Conn's,CM,A25-54,AM,Local News @ 6p M-F,P05-SB,1.0,RT-Electronic Stores
"Diamond Broker Inc, The",CM,W35-64,AM,Good Morning America,P05-SB,1.0,RT-Jewelry Stores
Dick's Sporting Goods,CM,A25-54,AM,Good Morning Texas 9-10a,P04-GB,1.0,RT-Sporting Goods
Dillards Department Store,CM,A25-54,AM,Good Morning America,P05-SB,1.0,RT-Department Stores/Malls
Door LLC,TI,A25-54,DY,9a M-F Studio Seg TI 06,P01-STN,0.2,RT-Decorating/Interior Design
"Dump, The",CM,W25-54,DY,Local News @ 12p M-F,P05-SB,1.0,RT-Furniture
Family Dollar,CM,W35-64,DY,The View,P05-SB,0.5,RT-Discount Stores
Fiesta Marts,CM,A25-54,LF,Jimmy Kimmel,P03-PB,0.5,RT-Supermarkets/Grocery Stores
Five Below,CM,W25-49,LF,ET 630-7p,P05-SB,0.5,RT-Discount Stores
Freeds Home Furnishings,CM,W25-64,AM,Local News @ 12p M-F,P04-GB,1.0,RT-Furniture
GNC,CM,HH,MISC,Red Carpet Special,P06-UD,1.0,RT-Retail - Other
"Gap, The",CM,A18-49,PR,Mon Prime Other,P03-PB,1.0,RT-Department Stores/Malls
Global Rug Liquidators,CM,A25-54,ON,211-241a M-Th,P05-SB,1.0,RT-Decorating/Interior Design
Good Neighbor Pharmacies,CM,A35-64,WK,Wknd ROS 11a-530p Sa-Su,P07-ZD,1.0,RT-Drug Stores
Great American Cookies,CM,W25-54,EN,Local News @ 5a M-F,P04-GB,1.0,RT-Specialty Stores
Great Western Furniture,CM,HH,DY,Inside Ed 230-3p*,P05-SB,0.5,RT-Furniture
Groupe SEB USA dba T-Fal Wearever,CM,A25-54,AM,Local News @ 5a M-F,P05-SB,0.5,RT-Appliance Stores
Havertys Furniture,CM,W25-54,DY,General Hospital,P04-GB,1.0,RT-Furniture
Hemisphere,CM,W35-54,AM,Good Morning America,P04-GB,1.0,RT-Furniture
Home Goods,CM,W25-54,PR,ET 630-7p,P05-SB,1.0,RT-Department Stores/Malls
IBB Design Group,TI,A25-54,DY,9a M-F Produced Seg TI 06,P01-STN,0.2,RT-Furniture
Ikea,CM,W25-54,DY,Insider 2-230p*,P05-SB,1.0,RT-Furniture
International Suit Wearhouse,CM,M25-54,AM,Local News @ 5a M-F,P05-SB,0.5,RT-Clothing/Apparel/Accessories
JC Penney,CM,A18-49,LF,Jimmy Kimmel,P05-SB,0.5,RT-Department Stores/Malls
Jab-Jos A Bank,CM,M35-54,LF,Inside Ed 1206-1236a,P04-GB,1.0,RT-Clothing/Apparel/Accessories
Jewelry Exchange,CM,A25-54,ON,211-241a M-Th,P05-SB,1.0,RT-Jewelry Stores
K & G Men's Center,CM,A25-54,LF,Local News @ 10p M-F R,P04-GB,1.0,RT-Clothing/Apparel/Accessories
Kawai Piano Gallery,CM,A35+,AM,Good Morning America,P05-SB,1.0,RT-Specialty Stores
Koslows Furs,CM,A25-54,DY,Local News @ 4p M-F,P04-GB,1.0,RT-Clothing/Apparel/Accessories
Kroger,CM,W25-54,LF,Local News @ 4p M-F,P04-GB,1.0,RT-Supermarkets/Grocery Stores
LG Electronics US Inc,CM,A35-64,AM,Good Morning America,P04-GB,1.0,RT-Electronic Stores
Lebco Industries dba La-Z-Boy,CM,W35-64,AM,Local News @ 6a M-F,P05-SB,1.0,RT-Furniture
Mariloff Diamonds & Fine Jewelry,BB,A25-54,EN,530p Su VS Spon BB 10,P01-STN,0.0,RT-Jewelry Stores
Mary Kay - direct,TI,A25-54,DY,9a M-F Studio Seg TI 06,P01-STN,0.2,RT-Retail - Other
Mattress Firm,CM,A25-54,EN,Local News @ 4p M-F,P05-SB,0.5,RT-Beds-Mattress
Mattress Firm Direct,CM,W35-64,AM,Local News @ 5a M-F,P04-GB,1.0,RT-Beds-Mattress
Men's Wearhouse,CM,M25-54,LF,Local News @ 430a M-F,P05-SB,1.0,RT-Clothing/Apparel/Accessories
"Michael Kors (USA), Inc.",CM,A25-54,DY,Daily Blast Live 230-3p,P05-SB,1.0,RT-Clothing/Apparel/Accessories
Nebraska Funiture Mart,CM,A25-54,AM,Local News @ 5a M-F,P04-GB,1.0,RT-Furniture
New Balance DFW,CM,W35-64,EN,Local News @ 4p M-F,P04-GB,1.0,RT-Department Stores/Malls
Nike,CM,A21-34,PR,Mon Prime Other,P02-FTB,1.0,RT-Clothing/Apparel/Accessories
NorthPark Merchant's Association,TI,HH,DY,9a M-F Studio Seg TI 06,P01-STN,0.2,RT-Department Stores/Malls
Orchard Managment,CM,A35+,AM,Local News @ 430a M-F,P05-SB,1.0,RT-Supermarkets/Grocery Stores
Peloton Interactive LLC,CM,A35-54,DY,Local News @ 12p M-F,P04-GB,1.0,RT-Sporting Goods
Quick Trip,CM,A18-49,LF,Local News @ 10p M-F R,P04-GB,1.0,RT-Convenience Stores/Gas Stns
Racetrac,CM,HH,AM,Local News @ 5a M-F,P05-SB,2.0,RT-Convenience Stores/Gas Stns
Rooms To Go,CM,W25-54,LF,TD Jakes 3-4p*,P04-GB,1.0,RT-Furniture
Ross Stores,CM,HH,AM,ET 630-7p,P05-SB,1.0,RT-Department Stores/Malls
Rusty by Design LLC,TI,HH,DY,9a M-F Studio Seg TI 06,P01-STN,0.2,RT-Retail - Other
Safeway,CM,A25-54,AM,The View,P05-SB,0.0,RT-Supermarkets/Grocery Stores
Salvation Army,PSA,A25-54,ON,211-241a M-Th,P04-GB,1.0,RT-Discount Stores
Sam's Club,TI,A25-54,DY,9a M-F Studio Seg TI 06,P01-STN,0.2,RT-Discount Stores
Sealy Mattress,CM,HH,AM,Local News @ 5a M-F,P07-ZD,0.5,RT-Beds-Mattress
Select Comfort,CM,A25-54,LF,Inside Ed 1206-1236a,P05-SB,1.0,RT-Furniture
Shop With Style,TI,A25-54,DY,9a M-F Studio Seg TI 06,P01-STN,0.0,RT-Retail - Other
Simon Malls,BB,W25-49,DY,Inside Ed 330-4p,P01-STN,0.3333333333,RT-Department Stores/Malls
Simon Malls/ Premuim Outlets,TI,A25-54,DY,9a M-F On Location TI 06,P01-STN,0.2,RT-Department Stores/Malls
Sleep Experts Mattress,CM,A25-54,LF,TD Jakes 3-4p*,P05-SB,1.0,RT-Beds-Mattress
Sly & Associates,CM,A25-54,LF,Scandal 1130p-1230a Su,P05-SB,0.5,RT-Specialty Stores
Sony Music,CM,W18-54,PR,Mon Prime Other,P04-GB,1.0,RT-Retail - Other
Spectrum Brands,CM,M35-64,SP,Indy 500,P04-GB,1.0,RT-Retail - Other
St. Martin's Press,CM,A35-64,AM,Good Morning America,P04-GB,0.5,RT-Retail - Other
Stacy's Furniture,CM,W25-54,AM,Good Morning America,P04-GB,1.0,RT-Furniture
Stamps.com,CM,HH,AM,Good Morning America Su,P05-SB,1.0,RT-Other
Stand Together,TI,HH,DY,9a M-F Studio Seg TI 06,P01-STN,0.2,RT-Retail - Other
"Starpower Home Entertainment Systems, Inc",CM,A25-64,AM,Local News @ 6a M-F,P04-GB,0.0,RT-Electronic Stores
SteinMart,CM,W35-54,DY,ET 630-7p,P04-GB,1.0,RT-Retail - Other
Sub-Zero,TI,A25-54,DY,9a M-F Studio Seg TI 06,P04-GB,0.2,RT-Appliance Stores
Sunnyland Furniture,BB,A35+,DY,4p M-F CC Spon BB 10,P01-STN,0.3333333333,RT-Furniture
TJX Companies,CM,W25-54,AM,Good Morning America,P05-SB,1.0,RT-Department Stores/Malls
Tanger Outlet Center,CM,W25-54,LN,Local News @ 10p M-F,P05-SB,1.0,RT-Department Stores/Malls
Tanseth Inc,BB,HH,DY,9a M-F WX Spon BB 10,P01-STN,0.3333333333,RT-Furniture
Tempur-Sealy,CM,A25-54,AM,Good Morning America,P04-GB,1.0,RT-Beds-Mattress
"Texas Appliance Supply, Inc",CM,A25-54,AM,Good Morning America,P04-GB,1.0,RT-Appliance Stores
U-Haul International,CM,A21-54,ON,Jimmy Kimmel,P04-GB,1.0,RT-Other
Under Armour,CM,A18-54,LF,Jimmy Kimmel,P03-PB,2.0,RT-Clothing/Apparel/Accessories
Walmart,CM,A18-49,AM,Local News @ 5a M-F,P04-GB,1.0,RT-Discount Stores
Wrangler,CM,A25-54,SP,NFL Wild Card Game,P04-GB,0.0,RT-Clothing/Apparel/Accessories
Yankee Candle Co. Inc,CM,W18-49,PR,Fri Prime A,P04-GB,1.0,RT-Discount Stores
