Advertiser,Break_code,Order Demo,Daypart,inventory_code,Priority Code,booked_spots,sub_category
1-800-Got-Junk DFW,CM,HH,AM,Local News @ 6a M-F,P05-SB,0.5,SE-Services - Other
360 Floors,CM,W35-64,DY,Good Morning Texas 9-10a,P04-GB,1.0,HO-Carpet/Floor Covering
3M Corp,CM,A25-54,AM,Local News @ 430a M-F,P05-SB,1.0,RT-Office Supply/Furniture
5 Miles App,TI,A25-54,DY,9a M-F Studio Seg TI 06,P01-STN,0.2,SE-Services - Other
50 Floor,CM,W35-64,DY,Local News @ 12p M-F,P05-SB,0.5,HO-Carpet/Floor Covering
7001 Corporate Drive Suite 206,CM,A25-54,EN,Local News @ 6p M-F,P04-GB,1.0,ET-Spectator Events - Conc/Sports/Tradeshow/Fairs
9-1-1 Districts,CM,A18+,ON,211-241a M-Th,P04-GB,1.0,OI-Government Agencies/Services
A #1 AC,CM,W35-64,AM,6a M-F Traffic Spon BB 10,P01-STN,0.3333333333,SE-Air Conditioining & Heating
"A24 Films, LLC",CM,A25-54,AM,Good Morning America,P04-GB,0.5,ET-Movies Video & Theatres
AARP,CM,A25-54,AM,Local News @ 5a M-F,P05-SB,1.0,SE-Services - Other
ABC Home and Commerical Services,CM,A35-64,AM,Good Morning America,P05-SB,1.0,SE-Bugs/Pests/Exterminators
AEG Live - Dallas,CM,A25-54,AM,Good Morning America,P04-GB,1.0,ET-Spectator Events - Conc/Sports/Tradeshow/Fairs
AEG Live - Messina Group,CM,A25-54,AM,Good Morning America,P04-GB,1.0,ET-Spectator Events - Conc/Sports/Tradeshow/Fairs
AT&T,CM,A25-54,LF,Local News @ 10p M-F R,P04-GB,1.0,MD-Television/Pay Per View
AT&T Performing Arts Center,CM,W35-64,AM,Local News @ 6a M-F,P04-GB,1.0,ET-Movies Video & Theatres
Abbott Laboratories,CM,HH,LF,Inside Ed 1206-1236a,P05-SB,0.5,ME-Medical Research/Services
Academy Sports & Outdoor,CM,A25-49,AM,Local News @ 5a M-F,P05-SB,1.0,RT-Sporting Goods
Acme Brick Co.,CM,A25-54,AM,Local News @ 12p M-F,P04-GB,1.0,SE-Services - Other
Active Implants,TI,HH,DY,9a M-F Studio Seg TI 06,P01-STN,0.2,ME-Medical Equipment
Acura,CM,A25-49,AM,Good Morning America,P05-SB,0.5,AU-Acura
Aetna,CM,HH,DY,Daily Blast Live 3-330p,P05-SB,2.0,Direct Response
Affordable Dentures,CM,A35-64,AM,Local News @ 5a M-F,P04-GB,1.0,ME-Dentists
"Agave Loco, LLC",CM,A25-54,LF,Jimmy Kimmel,P04-GB,1.0,PA-Beverages
Albertson's - direct,TI,A25-54,DY,9a M-F On Location TI 06,P01-STN,0.2,RT-Supermarkets/Grocery Stores
Albertsons,CM,W25-54,AM,Inside Ed 230-3p*,P05-SB,0.0,RT-Supermarkets/Grocery Stores
Albra Dewyn LLC,TI,A25-54,DY,9a M-F Studio Seg TI 06,P01-STN,0.0,RT-Specialty Stores
Aldi Foods,CM,W25-54,AM,Local News @ 5p M-F,P05-SB,1.0,RT-Supermarkets/Grocery Stores
"All 4 Children, Inc",TI,A25-54,DY,9a M-F Studio Seg TI 06,P01-STN,0.2,ME-Doctors/Physicians
Allen Samuels Direct Inc.,CM,HH,AM,Good Morning America,P01-STN,1.0,AU-Multi Brand Dealership
Allergan,CM,HH,EN,Local News @ 4p M-F,P07-ZD,2.0,OI-Pharmaceutical
Alliance Air Productions,CM,HH,PA,ET 630-7p,P05-SB,1.0,SE-Non-profit/Charity Organizations
Allied Siding and Windows,TI,A25-54,DY,Good Morning Texas 9-10a,P01-STN,0.0,HO-Home Improvement - Other
Allstate Insurance Company,CM,HH,EF,TD Jakes 3-4p*,P07-ZD,1.0,Insurance - Non-Medical Only
Altex Remodeling,TI,HH,DY,9a M-F Studio Seg TI 06,P01-STN,0.2,HO-Home Improvement - Other
Amazon Corporate LLC - Direct,CM,A18-49,PR,12p M-F CC Spon BB 10,P05-SB,1.0,OI-Corporate
Amazon.com,CM,A25-54,LF,Jimmy Kimmel,P04-GB,1.0,RT-Retail - Other
America's Best Contacts & Eyeglasses Inc,CM,W25-54,AM,Local News @ 6a M-F,P05-SB,1.0,ME-Eyecare/Optical Services
American Airlines,CM,A25-54,AM,Local News @ 5a M-F,P04-GB,2.0,TR-Airlines/Trains/Buses
American Airlines Center,CM,A25-54,AM,Good Morning America,P04-GB,1.0,ET-Spectator Events - Conc/Sports/Tradeshow/Fairs
American Can Academy dba Texas Can - Direct,CM,A25-54,AM,Local News @ 10p M-F,P04-GB,0.0,ED-Schools
American Heart Association - Dallas,TI,A25-54,MISC,American Heart Walk,P01-STN,0.2,SE-Non-profit/Charity Organizations
American Lung Association-Dallas,CM,W25-54,EN,Local News @ 6p M-F,P04-GB,1.0,SE-Non-profit/Charity Organizations
American Public University System,CM,W25-54,DY,Daily Blast Live 230-3p,P04-GB,1.0,ED-Universities/Colleges
American Residential Services,CM,A35-64,DY,TD Jakes 3-4p*,P05-SB,1.0,SE-Air Conditioining & Heating
Amica Insurance,CM,A25-54,DY,Good Morning Texas 9-10a,P04-GB,2.0,Insurance - Non-Medical Only
Andy's Sprinkler and Drainage - Direct,CM,A35-64,AM,Good Morning America,P04-GB,1.0,HO-HH Lawn /Garden Supplies
Anheuser Busch,CM,A25-54,LF,Jimmy Kimmel,P06-UD,0.0,OI-Beer/Wine/Other
Annapurna Pictures,CM,A18-49,LF,Inside Ed 1206-1236a,P03-PB,1.0,ET-Movies Video & Theatres
Anthem Blue Cross/Blue Shield,CM,HH,EN,Local News @ 6p M-F,P05-SB,2.0,IN-Medical/Dental/Vision Insurance
Antioch Fellowship Missionary Baptist Church,PP,HH,PAID,PP 6-630a Su,P01-STN,57.0,DI-Paid Programs - Religious
Apple Leisure Group,CM,HH,LF,Local News @ 4p M-F,P04-GB,1.0,TR-Tourist Attractions
Apple Vacations,CM,W25+,DY,Local News @ 5a M-F,P05-SB,1.0,TR-Tourist Attractions
Arby's,CM,A18-49,AM,Good Morning America,P05-SB,0.5,RS-Fast Food
Archpoint Implant Dental Centers,CM,A35+,ON,211-241a M-Th,P07-ZD,1.0,ME-Dentists
Arkansas Department of Tourism,CM,A25-54,LN,Local News @ 10p M-F,P04-GB,0.5,TR-Convention & Visitor Bureaus
Art Liquidators,CM,A25-54,AM,Local News @ 7a Sa,P05-SB,1.0,RT-Discount Stores
Arthritis Care of Texas,CM,A55+,DY,Local News @ 12p M-F,P04-GB,1.0,ME-Hospitals/Clinics
Ashley Furniture Homestores - Dallas,CM,W25-54,AM,Local News @ 6a M-F,P04-GB,1.0,RT-Furniture
Astellas Pharma,CM,W50+,DY,Daily Blast Live 3-330p,P04-GB,0.5,OI-Pharmaceutical
Astrazeneca,CM,A50+,EN,Local News @ 4p M-F,P04-GB,2.0,OI-Pharmaceutical
At Home Furnishings,CM,W25-54,DY,Good Morning America,P04-GB,0.5,RT-Decorating/Interior Design
"Atkins Nutritionals, Inc.",CM,W25-54,LF,Local News @ 10p M-F R,P05-SB,0.5,SE-Diet/Weight Loss/Nutrition
Atlantis Hotel,CM,A25-54,PR,Wknd ROS 4-6a Sa/4-9a Su,P03-PB,1.0,TR-Hotels/Motels/Resorts
Atranti,CM,A25+,DY,Good Morning Texas 9-10a,P04-GB,1.0,ME-Medical Equipment
Audi of America,CM,A35-64,AM,Local News @ 430a M-F,P04-GB,0.0,AU-Audi
Audi of Plano,CM,A25-54,LN,Local News @ 10p M-F,P05-SB,1.0,AU-Audi
Audible.com,CM,A35-64,DY,The View,P04-GB,1.0,OI-Technology
Autism Speaks,CM,HH,ON,241-4a M-Th,P07-ZD,1.0,ME-Medical Research/Services
Auto Club of S. California,CM,A35-54,DY,Local News @ 4p M-F,P05-SB,2.0,AU-Multi Brand Dealership
Autonation USA,CM,A25-54,LN,Local News @ 10p M-F,P04-GB,1.0,AU-Multi Brand Dealership
Autorama,CM,M18-49,EN,Local News @ 6p M-F,P04-GB,1.0,AU-Multi Brand Dealership
"Axis Brain & Back Institute, PLLC",TI,HH,DY,9a M-F Studio Seg TI 06,P01-STN,0.2,ME-Medical Research/Services
Azteca Beverage,TI,A25-54,DY,9a M-F Studio Seg TI 06,P01-STN,0.0,PA-Beverages
B's Knees,TI,A25-54,DY,9a M-F Studio Seg TI 06,P01-STN,0.2,RT-Decorating/Interior Design
BET Networks,CM,A18-49,PR,ET 630-7p,P03-PB,1.0,MD-Television/Pay Per View
BIzCom Associates,TI,A25-54,DY,9a M-F Studio Seg TI 06,P01-STN,0.0,SE-Services - Other
BJ's Restaurants Inc,CM,A25-49,AM,Local News @ 5a M-F,P04-GB,1.0,RS-Restaurants/Other
BMW,CM,A25-54,AM,Local News @ 5a M-F,P04-GB,1.0,AU-BMW
BMW of Dallas,CM,A25-54,LN,Local News @ 10p M-F,P04-GB,1.0,AU-BMW
BVDS Inc dba Slim 4 Life Weight Loss,CM,A25-54,DY,TD Jakes 3-4p*,P05-SB,1.0,SE-Diet/Weight Loss/Nutrition
Back 2 Real Food dba Happy Healthy Thin Grapevine,TI,A25-54,DY,9a M-F Studio Seg TI 06,P01-STN,0.2,ME-Hospitals/Clinics
Back Pain Center of America,CM,A25-54,DY,Daily Blast Live 230-3p,P04-GB,2.0,ME-Hospitals/Clinics
Bad Boy Mowers,CM,M25-54,AM,Local News @ 6a M-F,P04-GB,1.0,SE-Lawn Care Services/Landscaping
Baker Brothers Plumbing - Dallas,CM,W25-64,AM,Good Morning America,P04-GB,1.0,SE-Plumbers
Barcel,CM,P12-24,LF,Scandal 1135p-1235a Sa,P04-GB,0.0,PA-Food
Barracuda Restaurant dba Long John Silver's,CM,A25-54,AM,Inside Ed 230-3p*,P04-GB,0.5,RS-Fast Food
Bass Pro Shops,CM,HH,LF,Local News @ 10p M-F R,P04-GB,0.5,RT-Sporting Goods
Bassett Furniture - TX,CM,W35-64,AM,Good Morning America,P05-SB,1.0,RT-Furniture
Bath Fitter,CM,A35-54,DY,Local News @ 4p M-F,P05-SB,1.0,HO-Home Improvement - Other
Bayer,CM,A35-64,PR,Local News @ 4p M-F,P05-SB,1.0,OI-Pharmaceutical
Baylor Healthcare Systems,CM,A25-54,AM,6a M-F CC Spon BB 10,P01-STN,1.0,ME-Hospitals/Clinics
Baylor Orthopedic & Spine Hospital at Arlington,TI,A18+,DY,9a M-F Studio Seg TI 06,P01-STN,0.2,ME-Hospitals/Clinics
Beachbody Derm Exclusive,PP,HH,PAID,PP 110-140a Sa,P01-STN,57.0,ME-Medical Research/Services
Beautiful Faces,TI,A25+,DY,9a M-F Studio Seg TI 06,P01-STN,0.2,ME-Cosmetic Surgery
Become Yourself,CM,W35-64,ON,Good Morning America,P06-UD,1.0,SE-Diet/Weight Loss/Nutrition
Bel Brands,CM,W25-54,AM,Good Morning America,P05-SB,0.5,PA-Food
Beldon Roofing,CM,A35+,DY,Good Morning Texas 9-10a,P04-GB,2.0,HO-Home Improvement - Other
Belk,CM,W25-54,EN,Local News @ 4p M-F,P05-SB,1.0,RT-Department Stores/Malls
Berkeys Plumbing,CM,A25-54,AM,Local News @ 6a M-F,P04-GB,1.0,SE-Plumbers
Berrett Pest Control Services,CM,W25-64,DY,Local News @ 12p M-F,P04-GB,1.0,SE-Bugs/Pests/Exterminators
"Berry, Appleman & Leiden",TI,A25-54,DY,9a M-F Studio Seg TI 06,P01-STN,0.2,SE-Services - Other
Big Lots,CM,W25-54,DY,Good Morning Texas 9-10a,P05-SB,1.0,RT-Discount Stores
Bimbo Bakeries,CM,W25-54,PA,ET 630-7p,P04-GB,0.0,PA-Food
BioTE Medical,CM,A25-54,EN,Local News @ 4p M-F,P04-GB,1.0,ME-Hospitals/Clinics
Bionix Hearing,CM,A55+,DY,TD Jakes 3-4p*,P05-SB,1.0,ME-Medical Equipment
Birchall & Associates,TI,A25-54,DY,9a M-F Studio Seg TI 06,P01-STN,0.2,SE-Services - Other
Bleecker Street,CM,W50+,PA,ET 630-7p,P04-GB,1.0,ET-Movies Video & Theatres
Blinker,CM,A25-54,LN,Local News @ 10p M-F,P05-SB,0.5,OI-Technology
Blue Apron,CM,HH,AM,Local News @ 5a M-F,P05-SB,1.0,PA-Food
Blue Chip Patient,CM,W35-54,DY,Good Morning America,P04-GB,1.0,OI-Pharmaceutical
Blue Cross Blue Shield,CM,A25-54,LF,Nightline,P04-GB,1.0,IN-Medical/Dental/Vision Insurance
Bluebell Creameries L.P.,CM,W25-54,AM,Local News @ 5a M-F,P04-GB,1.0,PA-Food
Boehringer - Ingelheim,CM,HH,AM,Good Morning America Sa,P05-SB,3.0,OI-Pharmaceutical
Bombardier Recreational Products,CM,M35-64,PA,ET 630-7p,P04-GB,1.0,OI-Recreational Vehicle-ATV/Camp/Boat/Mortycycle
Boot Barn,CM,A25-54,EN,Local News @ 6p M-F,P04-GB,1.0,RT-Department Stores/Malls
Borden Dairy,CM,A25-54,LF,Local News @ 10p M-F R,P05-SB,0.5,PA-Food
Boston Market Corporation,CM,A25-54,AM,Local News @ 5a M-F,P05-SB,0.5,RS-Restaurants/Other
Brain Balance Achievement Centers-Dallas,CM,W35-54,AM,Local News @ 6a M-F,P05-SB,1.0,ME-Hospitals/Clinics
Braum's Ice Cream and Dairy Store,CM,A25-54,LF,Local News @ 10p M-F R,P04-GB,1.0,RS-Restaurants/Other
Breakers BBQ,CM,A25-54,DY,Good Morning Texas 9-10a,P04-GB,1.0,RS-Restaurants/Other
Breaking Limits - Direct,TI,HH,DY,9a M-F Produced Seg TI 06,P01-STN,0.2,SE-Services - Other
Bridal Shows Inc - direct,CM,A25-54,DY,Good Morning Texas 9-10a,P05-SB,0.5,ET-Spectator Events - Conc/Sports/Tradeshow/Fairs
Brighter Image Lab - direct,TI,A25-54,DY,9a M-F Studio Seg TI 06,P01-STN,0.2,ME-Dentists
Buckner Family Dental,CM,A50+,DY,Local News @ 12p M-F,P04-GB,1.0,ME-Dentists
Buckner International,CM,HH,AM,Local News @ 5a M-F,P02-FTB,1.0,SE-Non-profit/Charity Organizations
Buick,CM,A25-54,AM,Local News @ 4p M-F,P05-SB,1.0,AU-Buick
Builders Surplus of Garland LLC,CM,A35-64,ON,ON (M-Su),P04-GB,1.0,HO-Manufactured Homes
Burlington Coat Factory,CM,W25-49,AM,Local News @ 5a M-F,P05-SB,0.5,RT-Department Stores/Malls
Busy Body Fitness,CM,A35-64,LF,Nightline,P05-SB,1.0,RT-Sporting Goods
"CC Carpet, Inc.",CM,HH,AM,Local News @ 6a M-F,P05-SB,1.0,HO-Carpet/Floor Covering
CIMPRESS USA INC,CM,HH,AM,Good Morning America,P03-PB,1.0,RT-Other
CMT Affliate,CM,A18-49,PR,Mon Prime Other,P04-GB,0.5,ET-Spectator Events - Conc/Sports/Tradeshow/Fairs
CMedia,PP,HH,PAID,PP 5-530a Su,P01-STN,57.0,DI-Paid Programs - Non-Religious
CNN Cable Channel,CM,A25-54,LF,Jimmy Kimmel,P03-PB,1.0,MD-Television/Pay Per View
Cabela's Incorporated,CM,A25-54,EN,Local News @ 4p M-F,P04-GB,1.0,RT-Sporting Goods
Cadillac Delaers Association,CM,A25-54,AM,Local News @ 6a M-F,P05-SB,1.0,AU-Cadillac
Callbox Storage LLC,TI,A25-54,DY,9a M-F Studio Seg TI 06,P01-STN,0.0,SE-Moving/Storage
Cancer Treatment Center of Tulsa,TI,A25-54,DY,9a M-F Studio Seg TI 06,P01-STN,0.2,ME-Hospitals/Clinics
Cannella Response TV,PP,HH,PAID,PP 111-141a M-F,P01-STN,57.0,DI-Paid Programs - Non-Religious
Canton Visitors Bureau,CM,W35-64,AM,Local News @ 6a M-F,P04-GB,1.0,TR-Convention & Visitor Bureaus
Capital One,CM,A25-54,PR,Inside Ed 1206-1236a,P04-GB,1.0,BA-Credit Cards
Captain D's Restaurant - direct,TI,HH,DY,9a M-F Studio Seg TI 06,P01-STN,0.2,RS-Restaurants/Other
CareNow,CM,A25-54,AM,Good Morning America,P04-GB,1.0,ME-Hospitals/Clinics
Carnival Cruise Line,CM,A25-54,LF,Local News @ 10p M-F R,P04-GB,1.0,TR-Hotels/Motels/Resorts
Carrots & Rice LLC dba Granny Nannies,CM,W35-64,EN,Local News @ 4p M-F,P04-GB,1.0,ME-Doctors/Physicians
Cars.com,CM,A25-54,WK,Wknd ROS 11a-530p Sa-Su,P08-BF,0.5,AU-Multi Brand Dealership
Carvana LLC,CM,A25-54,SP,X Games,P04-GB,1.0,AU-Domestic
Casa Manana,CM,W25-54,AM,Good Morning America,P04-GB,1.0,ET-Spectator Events - Conc/Sports/Tradeshow/Fairs
Cash Money Cheque Cashing,CM,A25-49,EF,TD Jakes 3-4p*,P05-SB,1.0,BA-Financial Services
Casper.com dba Casper Sleep,CM,A25-54,LF,Inside Ed 1206-1236a,P04-GB,1.0,RT-Beds-Mattress
Cavender's Boot City,CM,A18-54,LF,Jimmy Kimmel,P04-GB,1.0,RT-Department Stores/Malls
Cayman Islands,CM,A25-54,LF,Scandal 1135p-1235a Sa,P04-GB,1.0,TR-Tourist Attractions
Celebrity Cruises,CM,A35-54,AM,Good Morning America,P05-SB,1.0,TR-Airlines/Trains/Buses
Celltex Therapuetics Corporation,CM,A55+,AM,Good Morning America Su,P03-PB,1.0,RT-Drug Stores
Centene Ambetter,CM,A25-54,AM,Good Morning America,P04-GB,1.0,IN-Medical/Dental/Vision Insurance
Central Garden & Pet Co.,CM,A35-64,EN,Local News @ 5p M-F,P04-GB,1.0,HO-HH Lawn /Garden Supplies
Ceutrica,CM,A25-54,AM,Local News @ 8a Su,P05-SB,1.0,Direct Response
Chamberlain Performing Arts,TI,A25-54,DY,9a M-F Studio Seg TI 06,P01-STN,0.2,ET-Movies Video & Theatres
Champion Management - direct,TI,A25-54,DY,9a M-F Studio Seg TI 06,P01-STN,0.0,SE-Services - Other
Champion Window Co,CM,HH,LF,Local News @ 10p M-F R,P06-UD,1.0,HO-Home Improvement - Other
Charles W. Eisemann Center,CM,W35-64,AM,Local News @ 6a M-F,P04-GB,1.0,ET-Movies Video & Theatres
Charter Communications,CM,A25-54,DY,Local News @ 12p M-F,P04-GB,2.0,TL-Telecom - DSL (not cable modem)
Chattem,CM,A25-54,LF,Inside Ed 1206-1236a,P05-SB,0.5,OI-Pharmaceutical
Chevrolet Motor Division,CM,A25-54,AM,Local News @ 430a M-F,P05-SB,1.0,AU-Chevrolet
Chevron USA,CM,A18-49,LF,ET 630-7p,P05-SB,1.0,OI-Gas & Oil/Petro Prdts
Chick-fil-A,CM,A18-49,AM,Local News @ 5a M-F,P04-GB,1.0,RS-Fast Food
Chickasaw Gaming,CM,A25-64,EN,Local News @ 10p M-F,P05-SB,1.0,ET-Casinos/Racetracks
Children's Medical Center,CM,HH,DY,Local News @ 12p M-F,P04-GB,1.0,ME-Hospitals/Clinics
Choctaw Casino,CM,A25-54,AM,Local News @ 8a Su,P04-GB,1.0,ET-Casinos/Racetracks
Chrysler Corporation,CM,A25-54,LF,Local News @ 10p M-F R,P04-GB,1.0,AU-Chrysler
Church's Chicken,CM,A25-54,DY,TD Jakes 3-4p*,P04-GB,1.0,RS-Fast Food
Cigna Health Plan of America,CM,A65+,LF,Local News @ 10p M-F R,P04-GB,1.0,IN-Medical/Dental/Vision Insurance
Cirque Du Soleil America Inc.,CM,W25-54,AM,Local News @ 5a M-F,P05-SB,0.5,ET-Spectator Events - Conc/Sports/Tradeshow/Fairs
City of Carrollton,CM,HH,AM,Local News @ 4p M-F,P04-GB,1.0,TR-Tourist Attractions
City of Dallas Parks and Recreation,TI,HH,DY,9a M-F Studio Seg TI 06,P01-STN,0.2,SE-Non-profit/Charity Organizations
City of Dallas Water Unilities,CM,A25-54,AM,Local News @ 430a M-F,P04-GB,1.0,UT-Utilities - Water
City of Grand Prairie,TI,A25-54,DY,9a M-F Studio Seg TI 06,P01-STN,0.0,SE-Services - Other
City of Miramar,TI,HH,DY,9a M-F Studio Seg TI 06,P01-STN,0.2,TR-Tourist Attractions
Clay Cooley Auto Group,CM,A25-54,LF,Local News @ 6a M-F,P04-GB,1.0,AU-Multi Brand Dealership
Clay Cooley Nissan Duncanville,CM,A25-54,EN,Local News @ 4p M-F,P04-GB,1.0,AU-Nissan
"Cliburn, The",CM,W35-64,AM,Good Morning America,P04-GB,1.0,ET-Spectator Events - Conc/Sports/Tradeshow/Fairs
Clinical Study,CM,A35-54,DY,Good Morning Texas 9-10a,P03-PB,1.0,OI-Pharmaceutical
Clockwork Home Services,CM,A35-64,AM,Local News @ 5a M-F,P04-GB,1.0,SE-Plumbers
Clorox,CM,HH,LF,Scandal 1135p-1235a Sa,P05-SB,0.5,PA-Packaged Goods - Other
"Closet Envy, The",TI,A25-54,DY,9a M-F On Location TI 06,P01-STN,0.2,HO-Home Improvement - Other
Coats & Todd,CM,A35-64,DY,Insider 2-230p*,P04-GB,1.0,SE-Attorneys/Legal
Colgate,CM,HH,AM,Local News @ 8a Su,P04-GB,0.5,PA-Personal Products
Combe Inc.,CM,HH,LF,Scandal 1130p-1230a Su,P05-SB,0.5,PA-Personal Products
Comedy Central,CM,A18-49,SP,NCAA Football Prime,P02-FTB,1.0,MD-Television/Pay Per View
"Common Desk IP, LLC",TI,A25-54,DY,9a M-F On Location TI 06,P01-STN,0.2,RT-Retail - Other
Community Coffee,CM,A35-64,AM,Local News @ 5a M-F,P04-GB,1.0,PA-Beverages
Community Loans of America,CM,A25-54,DY,The View,P05-SB,1.0,BA-Banks/Loans
Concrete Marketing,CM,HH,LF,Jimmy Kimmel,P03-PB,1.0,ET-Movies Video & Theatres
Conn's,CM,A25-54,AM,Local News @ 6p M-F,P05-SB,1.0,RT-Electronic Stores
Contrave,CM,A35-64,MISC,Red Carpet Special,P06-UD,2.0,OI-Pharmaceutical
Cook Children Mediacal Center,CM,A25-49,EN,Local News @ 4p M-F,P05-SB,1.0,ME-Hospitals/Clinics
Cooper McAuley,PP,HH,PAID,PP 11-1130a Su,P01-STN,57.0,ET-Movies Video & Theatres
Coty,CM,W18-34,DY,Daily Blast Live 230-3p,P05-SB,0.5,PA-Personal Products
Covance Corporate,CM,HH,DY,Local News @ 12p M-F,P05-SB,0.0,ME-Medical Research/Services
Cross Media Works,CM,A50+,EN,Local News @ 5p Sa,P03-PB,1.0,SE-Realtors
DFW Acura Dealers Association,CM,A25-54,EN,10p M-F VS Spon BB 10,P01-STN,1.0,AU-Acura
DFW Bariatric Institute,CM,W35-54,AM,Local News @ 6a M-F,P05-SB,0.5,ME-Cosmetic Surgery
DFW Golf Show,CM,A25-54,AM,Local News @ 6a M-F,P04-GB,0.5,ET-Spectator Events - Conc/Sports/Tradeshow/Fairs
Dallas Arboretum,CM,W25-64,AM,Local News @ 6a M-F,P04-GB,0.0,ET-Spectator Events - Conc/Sports/Tradeshow/Fairs
Dallas Boat Show,CM,A25+,EN,Local News @ 6p M-F,P04-GB,1.0,OI-Recreational Vehicle-ATV/Camp/Boat/Mortycycle
Dallas Children's Theater,TI,A25-54,DY,9a M-F Studio Seg TI 06,P01-STN,0.0,ET-Movies Video & Theatres
Dallas Convention & Visitors Bureau,CM,A25-54,PR,Mon Prime Other,P04-GB,1.0,TR-Convention & Visitor Bureaus
Dallas County Community Colleges,CM,A18-49,DY,Local News @ 12p M-F,P05-SB,1.0,ED-Schools
Dallas County RV Show,CM,A35+,ON,211-241a M-Th,P04-GB,1.0,OI-Recreational Vehicle-ATV/Camp/Boat/Mortycycle
Dallas International Film Festival-TRADE,PRO,HH,DY,Local News @ 12p M-F,P08-BF,0.5,ET-Spectator Events - Conc/Sports/Tradeshow/Fairs
Dallas Marathon,PRO,HH,MISC,Dallas Marathon,P02-FTB,1.0,Direct Response
Dallas Opera,CM,W35-64,AM,Good Morning Texas 9-10a,P04-GB,0.0,ET-Spectator Events - Conc/Sports/Tradeshow/Fairs
Dallas Opera - Direct,CM,HH,DY,The View,P05-SB,1.0,ET-Spectator Events - Conc/Sports/Tradeshow/Fairs
Dallas Plano Granite Park,TI,A25-54,DY,9a M-F On Location TI 06,P01-STN,0.0,TR-Hotels/Motels/Resorts
Dallas Summer Musicals,CM,W35-64,AM,Good Morning America,P04-GB,1.0,ET-Movies Video & Theatres
Dallas Theater Center,CM,W25-54,AM,Good Morning America,P04-GB,0.0,ET-Spectator Events - Conc/Sports/Tradeshow/Fairs
Dalworth Carpet Cleaning,CM,W35+,DY,Good Morning Texas 9-10a,P05-SB,1.0,HO-Home Improvement - Other
Dekliderm,TI,W25-54,DY,9a M-F Studio Seg TI 06,P01-STN,0.0,OI-Pharmaceutical
Denny's,CM,A25-54,PR,Local News @ 10p M-F R,P04-GB,0.5,RS-Restaurants/Other
Dental Rehab dba FastNewSmile,CM,W35-64,DY,Daily Blast Live 3-330p,P05-SB,1.0,ME-Dentists
Department of Family Protective Services,CM,A25-54,DY,The View,P04-GB,1.0,OI-Government Agencies/Services
Department of State Health Services,CM,W18-34,ON,ON (M-Su),P07-ZD,1.0,OI-Government Agencies/Services
Designing DFW Holiday Special,CM,HH,PAID,PP 1130a-12p Su,P06-UD,0.5,HO-Home Improvement - Other
Diageo,CM,A21-49,ON,211-241a M-Th,P02-FTB,1.0,OI-Alcohol
"Diamond Broker Inc, The",CM,W35-64,AM,Good Morning America,P05-SB,1.0,RT-Jewelry Stores
Dick's Sporting Goods,CM,A25-54,AM,Good Morning Texas 9-10a,P04-GB,1.0,RT-Sporting Goods
Dickey's Barbecue Pit,CM,A25-54,AM,Good Morning America,P04-GB,1.0,RS-Restaurants/Other
Dietz & Watson,CM,A25-54,AM,Local News @ 530p Su,P04-GB,1.0,PA-Food
Dillards Department Store,CM,A25-54,AM,Good Morning America,P05-SB,1.0,RT-Department Stores/Malls
Direct Energy Co.,CM,A25-54,EN,Local News @ 4p M-F,P05-SB,1.0,UT-Utilities - Electricity
Discount Tire,CM,A25-54,LF,Nightline,P04-GB,1.0,AS-Auto Supplies
Disney Motion Pictures,CM,HH,AM,Local News @ 5a M-F,P04-GB,1.0,ET-Movies Video & Theatres
Dodge Corporation,CM,M25-54,LF,Local News @ 10p M-F R,P05-SB,1.0,AU-Dodge
Dodge Retail Corp.,CM,A25-54,PR,Thu Prime A,P02-FTB,0.0,AU-Dodge
Don Davis Auto Group,BB,A25-54,EN,4p M-F CC Spon BB 10,P01-STN,0.3333333333,AU-Multi Brand Dealership
Door LLC,TI,A25-54,DY,9a M-F Studio Seg TI 06,P01-STN,0.2,RT-Decorating/Interior Design
Down Syndrome Guild of Dallas,TI,A25-54,DY,9a M-F Studio Seg TI 06,P01-STN,0.2,SE-Non-profit/Charity Organizations
Dr Clayton Frenzel PA - Advanced Bariatrics,CM,HH,DY,Local News @ 4p M-F,P04-GB,1.0,ME-Cosmetic Surgery
Dr. David Jeremiah,CM,HH,WK,Wknd ROS 11a-530p Sa-Su,P06-UD,1.0,DI-Paid Programs - Non-Religious
Drivetime,CM,A25-54,DY,Insider 2-230p*,P04-GB,1.0,AU-Multi Brand Dealership
Drug Free Kids,CM,A25-54,PR,Thu Prime A,P03-PB,1.0,SE-Non-profit/Charity Organizations
"Dump, The",CM,W25-54,DY,Local News @ 12p M-F,P05-SB,1.0,RT-Furniture
Dunhill Homes DFW,TI,HH,DY,9a M-F Studio Seg TI 06,P01-STN,0.2,HO-Home Improvement - Other
Duracell,CM,A25-54,AM,Local News @ 7a Sa,P05-SB,0.5,PA-Packaged Goods - Other
E! Entertainment,CM,A18-49,PR,Thu Prime Other,P03-PB,1.0,MD-Television/Pay Per View
EARTHxFilm,CM,A25-54,DY,Good Morning Texas 9-10a,P04-GB,0.5,ET-Spectator Events - Conc/Sports/Tradeshow/Fairs
ET Browne Drug Co. dba Palmers Skin Care,CM,W25-54,AM,Good Morning America,P03-PB,1.0,PA-Packaged Goods - Other
EVEXIAS Medical Centers,TI,A25-54,DY,9a M-F Studio Seg TI 06,P01-STN,0.2,ME-Hospitals/Clinics
Edgemere Retirement Community,BB,A65+,DY,12p M-F CC Spon BB 10,P01-STN,0.0,SE-Retirement Homes
Educational Credit Management Corp - ECMC,CM,A25-54,DY,Good Morning Texas 9-10a,P04-GB,1.0,ED-Universities/Colleges
"Elephant Insurance Services, LLC",CM,A18+,EN,Local News @ 10p M-F,P04-GB,1.0,Insurance - Non-Medical Only
Eli Lilly,CM,A35-54,AM,ET 1035-1135p Sa,P04-GB,2.0,OI-Pharmaceutical
Ellison Media Company/ Paid,PP,A18+,PAID,PP 240-310a Sa,P01-STN,57.0,Direct Response
Empire Today,CM,A35-64,LF,Local News @ 10p M-F R,P04-GB,1.0,HO-Carpet/Floor Covering
Enterhealth LLC,CM,A35+,AM,Local News @ 10p M-F,P04-GB,1.0,ME-Doctors/Physicians
Enterprise Car Rental,CM,A25-54,LF,Local News @ 10p M-F R,P05-SB,0.5,SE-Services - Other
Entertainment Studios,CM,A18-34,AM,Jimmy Kimmel,P04-GB,1.0,ET-Movies Video & Theatres
Erickson Living Management,CM,W65+,DY,Local News @ 12p M-F,P04-GB,1.0,ME-Hospitals/Clinics
Estee Lauder,ZONE,A25-54,LF,Jimmy Kimmel,P04-GB,1.0,PA-Cosmetics
Evergreen-Partners LLC dba Evergreen Trading,CM,A35-64,LF,Local News @ 10p M-F R,P04-GB,1.0,BA-Financial Services
Everman ISD,CM,A25-54,EN,Local News @ 5p M-F,P05-SB,0.0,ED-Schools
Ewing Chrysler Jeep Dodge Ram of Arlington,CM,A25-54,AM,Local News @ 5a M-F,P05-SB,1.0,AU-Chrysler
Expedia,CM,HH,AM,Local News @ 6a M-F,P05-SB,2.0,TR-Tourist Attractions
Explore Horizons,TI,A25-54,DY,9a M-F Studio Seg TI 06,P01-STN,0.0,SE-Services - Other
Express Media,PP,HH,PAID,PP 141-211a M-F,P01-STN,57.0,DI-Paid Programs - Non-Religious
Eyemart Express,TI,A25-54,DY,9a M-F On Location TI 06,P01-STN,0.2,ME-Eyecare/Optical Services
FX Networks,CM,A25-54,LF,Jimmy Kimmel,P03-PB,1.0,MD-Television/Pay Per View
Family Dollar,CM,W35-64,DY,The View,P05-SB,0.5,RT-Discount Stores
Fenton Nissan of Rockwall,CM,A25-54,AM,Local News @ 430a M-F,P04-GB,1.0,AU-Nissan
Fiesta Marts,CM,A25-54,LF,Jimmy Kimmel,P03-PB,0.5,RT-Supermarkets/Grocery Stores
First Baptist Church of Dallas,CM,A25-54,EN,Good Morning America,P05-SB,1.0,SE-Non-profit/Charity Organizations
"First Baptist Church of Dallas, Texas",CM,A25-64,AM,Local News @ 6a M-F,P04-GB,1.0,OI-Religious
First United Methodist - Dallas,PP,HH,PAID,PP 530-6a Su,P01-STN,57.0,DI-Paid Programs - Religious
Fitcorp USA Inc,CM,A25-54,LF,9a M-F Studio Seg TI 06,P05-SB,1.0,SE-Health Clubs/Spas/Fitness Centers
Fitness Connection,CM,HH,AM,Good Morning Texas 9-10a,P04-GB,1.0,SE-Diet/Weight Loss/Nutrition
Fiuve Star Chevrolet LLC,CM,A25+,AM,Local News @ 6a M-F,P04-GB,1.0,AU-Chevrolet
Five Below,CM,W25-49,LF,ET 630-7p,P05-SB,0.5,RT-Discount Stores
Fix-It Enterprises,TI,HH,DY,9a M-F Studio Seg TI 06,P01-STN,0.2,HO-Home Improvement - Other
Fleishman-Hillard - San Francisco,TI,A25-54,DY,9a M-F Studio Seg TI 06,P02-FTB,0.2,SE-Services - Other
Floor & Decor Outlets,CM,A25-54,PR,ET 630-7p,P05-SB,1.0,HO-Carpet/Floor Covering
Focus Features,CM,W25-54,AM,Good Morning America,P04-GB,0.5,ET-Movies Video & Theatres
Food For The Poor/Paid,PP,HH,PAID,PP 111-211a Th,P01-STN,117.0,DI-Paid Programs - Non-Religious
Fort Worth Opera,CM,HH,DY,The Chew,P04-GB,1.0,ET-Movies Video & Theatres
Fort Worth Symphony Orchestra Association,CM,A25-54,EN,Local News @ 4p M-F,P05-SB,0.5,ET-Spectator Events - Conc/Sports/Tradeshow/Fairs
Fort Worth Zoo,CM,W25-54,DY,9a M-F CC Spon BB 10,P05-SB,1.0,ET-Spectator Events - Conc/Sports/Tradeshow/Fairs
Fox Searchlight Pictures,CM,W25-54,AM,Local News @ 12p M-F,P05-SB,0.5,ET-Movies Video & Theatres
Freeds Home Furnishings,CM,W25-64,AM,Local News @ 12p M-F,P04-GB,1.0,RT-Furniture
Fresh Image Center,TI,A25-54,DY,9a M-F Studio Seg TI 06,P01-STN,0.2,ME-Hospitals/Clinics
Frisco RoughRiders,PRO,HH,DY,Inside Ed 230-3p*,P08-BF,1.0,ET-Spectator Events - Conc/Sports/Tradeshow/Fairs
Frontier Communications,CM,A25-54,EN,Local News @ 4p M-F,P01-STN,1.0,Direct Response
Frost Bank,CM,A25-54,AM,Good Morning America,P04-GB,1.0,BA-Financial Services
Fun Town RV,CM,A35+,AM,Local News @ 4p M-F,P04-GB,1.0,OI-Recreational Vehicle-ATV/Camp/Boat/Mortycycle
GEXA Energy,CM,A35-54,LF,Jimmy Kimmel,P04-GB,1.0,UT-Utilities - Electricity
GHCVB - Greather Houston Convention and Visitors B,CM,W35-54,LF,Local News @ 10p M-F R,P04-GB,1.0,TR-Convention & Visitor Bureaus
GHI Capital LTD dba Huggins Honda,TI,HH,DY,9a M-F Studio Seg TI 06,P01-STN,0.2,AU-Honda
GMC Trucks Motor Division,CM,A25-54,AM,Local News @ 4p M-F,P05-SB,1.0,AU-GMC
GNC,CM,HH,MISC,Red Carpet Special,P06-UD,1.0,RT-Retail - Other
Galveston Convention & Visitor's Bureau-direct,TI,A25-54,DY,9a M-F Studio Seg TI 06,P01-STN,0.2,TR-Convention & Visitor Bureaus
"Gap, The",CM,A18-49,PR,Mon Prime Other,P03-PB,1.0,RT-Department Stores/Malls
Gateway Buick GMC - Dallas,CM,A18+,AM,Local News @ 5a M-F,P04-GB,1.0,AU-Buick
Gaylord Hotels,CM,W35-64,DY,Good Morning Texas 9-10a,P05-SB,1.0,TR-Hotels/Motels/Resorts
Gaylord Texan Resort and Convention Center,TI,HH,DY,9a M-F Studio Seg TI 06,P01-STN,0.2,TR-Hotels/Motels/Resorts
Geico,CM,A35-64,AM,Local News @ 4p M-F,P06-UD,1.0,Insurance - Non-Medical Only
General Mills,CM,W18-49,DY,Local News @ 430a M-F,P05-SB,1.0,PA-Food
Ghiradelli,CM,HH,DY,Inside Ed 230-3p*,P05-SB,0.5,PA-Food
Glaxo SmithKline,CM,A35-54,LF,Local News @ 10p M-F R,P04-GB,1.0,OI-Pharmaceutical
Global Rug Liquidators,CM,A25-54,ON,211-241a M-Th,P05-SB,1.0,RT-Decorating/Interior Design
Gold Mountain Media,PP,HH,PAID,PP 12-1230p Sa,P01-STN,57.0,DI-Paid Programs - Non-Religious
Golden Chick,CM,A35-64,AM,Local News @ 5a M-F,P05-SB,0.5,RS-Fast Food
Good Guys Car Shows,CM,M25-64,ON,ON (M-Su),P04-GB,1.0,ET-Spectator Events - Conc/Sports/Tradeshow/Fairs
Good Neighbor Pharmacies,CM,A35-64,WK,Wknd ROS 11a-530p Sa-Su,P07-ZD,1.0,RT-Drug Stores
Good feet - Southlake,CM,A18+,AM,Local News @ 5a M-F,P05-SB,1.0,ME-Doctors/Physicians
Goodguys Car Shows,CM,M25-64,ON,ON (M-Su),P04-GB,0.5,ET-Spectator Events - Conc/Sports/Tradeshow/Fairs
Google Inc.,CM,A18-49,LF,Local News @ 6a M-F,P04-GB,1.0,MD-Digital Media
Grand Prairie ISD,TI,A25-54,DY,9a M-F Studio Seg TI 06,P01-STN,0.0,ED-Schools
Grapevine CVB,CM,W18-49,AM,Local News @ 10p M-F R,P04-GB,1.0,TR-Convention & Visitor Bureaus
Grapevine Colleyville ISD,TI,A25-54,DY,9a M-F Studio Seg TI 06,P01-STN,0.0,ED-Schools
Great American Cookies,CM,W25-54,EN,Local News @ 5a M-F,P04-GB,1.0,RT-Specialty Stores
Great Expressions Dental,CM,W25-54,AM,Good Morning America,P05-SB,1.0,ME-Dentists
Great Media Works,PP,HH,PAID,PP 141-211a M-F,P01-STN,57.0,DI-Paid Programs - Religious
Great Western Furniture,CM,HH,DY,Inside Ed 230-3p*,P05-SB,0.5,RT-Furniture
Great Wolf Lodge,CM,W25-49,AM,Local News @ 5a M-F,P04-GB,1.0,TR-Hotels/Motels/Resorts
Groupe SEB USA dba T-Fal Wearever,CM,A25-54,AM,Local News @ 5a M-F,P05-SB,0.5,RT-Appliance Stores
Grub Hub,CM,A18-49,PR,Mon Prime C,P04-GB,1.0,PA-Food
Gulf States Toyota,CM,A25-54,EN,ET 630-7p,P05-SB,1.0,AU-Toyota
H & R Block,TI,A25-54,DY,9a M-F Studio Seg TI 06,P01-STN,0.0,SE-Accounting/Tax Services
HBO Network,CM,A25-54,AM,Good Morning America,P04-GB,1.0,MD-Television/Pay Per View
Hairvii,TI,A25-54,DY,9a M-F Studio Seg TI 06,P01-STN,0.2,SE-Nail/Hair Salons
Halo Laser,TI,A25-54,DY,9a M-F Studio Seg TI 06,P01-STN,0.0,ME-Cosmetic Surgery
Hartford Insurance Company,CM,HH,DY,Local News @ 4p M-F,P04-GB,1.0,Insurance - Non-Medical Only
Havas Edge,PP,HH,PAID,PP 111-141a M-F,P01-STN,57.0,Direct Response/Pd Prgm/Per Inquiry
Havertys Furniture,CM,W25-54,DY,General Hospital,P04-GB,1.0,RT-Furniture
Hawaiian Falls Waterpark,CM,W25-49,ON,TD Jakes 3-4p*,P04-GB,0.0,ET-Amusement Parks/Attractions
Head Case Hair Studio,TI,HH,DY,9a M-F On Location TI 06,P01-STN,0.2,SE-Nail/Hair Salons
Healthcare Leadership Council,CM,HH,AM,This Week Su,P04-GB,1.0,IS-Issue/Non Ballot
"Heartland Dental, LLC - GGS",CM,A25-54,ON,211-241a M-Th,P05-SB,0.0,ME-Dentists
Hello Fresh,CM,W25-54,PR,American Music Awards,P04-GB,1.0,PA-Food
Hemisphere,CM,W35-54,AM,Good Morning America,P04-GB,1.0,RT-Furniture
HerKare,TI,A25-54,DY,9a M-F Studio Seg TI 06,P01-STN,0.0,ME-Hospitals/Clinics
Heritage Health Solutions,TI,HH,DY,9a M-F Studio Seg TI 06,P01-STN,0.2,ME-Medical Research/Services
"Hershey Company, The",CM,HH,DY,Scandal 1135p-1235a Sa,P05-SB,0.5,PA-Packaged Goods - Other
Highland Park ER,TI,A25-54,DY,9a M-F Produced Seg TI 06,P01-STN,0.2,ME-Hospitals/Clinics
Hillwood - Harvest,CM,W35-54,AM,Local News @ 12p M-F,P05-SB,1.0,HO-Manufactured Homes
Hilton Anatole - Dallas,TI,A25-54,DY,9a M-F On Location TI 06,P01-STN,0.0,TR-Hotels/Motels/Resorts
Holiday Wonder,CM,W25-49,AM,Good Morning America,P05-SB,1.0,ET-Amusement Parks/Attractions
Holiday World Recreational Vehicles,CM,HH,AM,Local News @ 7a Sa,P04-GB,1.0,OI-Recreational Vehicle-ATV/Camp/Boat/Mortycycle
Home Depot,CM,A25-49,EF,TD Jakes 3-4p*,P05-SB,1.0,HO-Home Improvement - Other
Home Goods,CM,W25-54,PR,ET 630-7p,P05-SB,1.0,RT-Department Stores/Malls
Home and Lifestyle TV,CM,A25-54,DY,The Chew,P05-SB,1.0,DI-Paid Programs - Non-Religious
HomeAway Direct,CM,HH,DY,9a M-F Studio Seg TI 06,P05-SB,0.5,TR-Hotels/Motels/Resorts
"HomeVestors of America, Inc.",CM,A35-64,DY,Local News @ 6a M-F,P05-SB,1.0,SE-Realtors
Honda,CM,A25-49,LF,Local News @ 10p M-F R,P04-GB,1.0,AU-Honda
Honda Regional Marketing,CM,A25-54,LF,Local News @ 10p M-F R,P04-GB,1.0,AU-Honda
Hooters of America/Restaurants,CM,M25-54,SP,NCAA Football Prime,P03-PB,1.0,RS-Restaurants/Other
Hormel,CM,A25-54,LF,TD Jakes 3-4p*,P05-SB,0.5,PA-Food
Hot on Dallas!,CM,HH,ON,ON (M-Su),P07-ZD,0.5,SE-Realtors
Huffines Auto Group,CM,W35-64,DY,Good Morning Texas 9-10a,P05-SB,1.0,AU-Multi Brand Dealership
Huffines Communities,CM,W35-64,AM,Local News @ 5a M-F,P04-GB,1.0,SE-Realtors
Hyundai Dealers,CM,A25-54,LF,Local News @ 5a M-F,P04-GB,1.0,AU-Hyundai
IBB Design Group,TI,A25-54,DY,9a M-F Produced Seg TI 06,P01-STN,0.2,RT-Furniture
IHOP,CM,A25-54,AM,Local News @ 5a M-F,P04-GB,0.5,RS-Restaurants/Other
IM Healthscience,CM,HH,LF,Local News @ 10p M-F R,P05-SB,0.5,OI-Pharmaceutical
Ikea,CM,W25-54,DY,Insider 2-230p*,P05-SB,1.0,RT-Furniture
In Touch Ministries,PP,HH,PAID,PP 110-140a Sa,P01-STN,57.0,DI-Paid Programs - Religious
Infiniti,CM,A25-54,LF,Local News @ 430a M-F,P04-GB,1.0,AU-Infiniti
Innovations Medspa,CM,A25-54,DY,Local News @ 12p M-F,P05-SB,2.0,ME-Doctors/Physicians
Institute of Management Acct,CM,A25-54,LF,Jimmy Kimmel,P04-GB,1.0,ED-Universities/Colleges
International Gem & Jewelry Show,CM,W35+,AM,Good Morning America,P05-SB,0.5,ET-Spectator Events - Conc/Sports/Tradeshow/Fairs
International Motorcycle Show,CM,A25-54,AM,Local News @ 5a M-F,P04-GB,1.0,ET-Spectator Events - Conc/Sports/Tradeshow/Fairs
International Suit Wearhouse,CM,M25-54,AM,Local News @ 5a M-F,P05-SB,0.5,RT-Clothing/Apparel/Accessories
JC Penney,CM,A18-49,LF,Jimmy Kimmel,P05-SB,0.5,RT-Department Stores/Malls
JF2 Capital Partners,TI,A25-54,DY,9a M-F Studio Seg TI 06,P01-STN,0.2,BA-Financial Services
JP Morgan Chase,CM,A35-64,AM,Local News @ 5a M-F,P05-SB,1.0,BA-Banks/Loans
Jab-Jos A Bank,CM,M35-54,LF,Inside Ed 1206-1236a,P04-GB,1.0,RT-Clothing/Apparel/Accessories
Jack In The Box,CM,A18-49,AM,Local News @ 5a M-F,P05-SB,1.0,RS-Fast Food
James Wood Motors,CM,A25-64,AM,Local News @ 10p M-F,P04-GB,1.0,AU-Multi Brand Dealership
Janssen Biotech Inc (J&J),CM,A65+,DY,Inside Ed 230-3p*,P03-PB,1.0,OI-Pharmaceutical
Jason's Deli Southern Regional Office,TI,A25-54,DY,9a M-F Studio Seg TI 06,P01-STN,0.2,RS-Restaurants/Other
Jeep,CM,A25-54,LF,Local News @ 10p M-F R,P05-SB,1.0,AU-Jeep
Jeep Retail Corp.,CM,HH,LN,Local News @ 10p M-F,P03-PB,0.0,AU-Jeep
Jelmar Corp,CM,A25-54,AM,Local News @ 10p M-F R,P05-SB,1.0,PA-Packaged Goods - Other
"Jer Cares LLC, Dba Granny NANNIES Arlington Fort",CM,W35-64,AM,Local News @ 8a Su,P04-GB,1.0,SE-Services - Other
Jewelry Exchange,CM,A25-54,ON,211-241a M-Th,P05-SB,1.0,RT-Jewelry Stores
Jim S. Adler,CM,A18-49,DY,211-241a M-Th,P04-GB,1.0,SE-Attorneys/Legal
John D'Angelo Real Estate,CM,A50+,AM,Good Morning America,P04-GB,1.0,SE-Realtors
John Deere,CM,A35-64,AM,Local News @ 5a M-F,P04-GB,1.0,HO-HH Lawn /Garden Supplies
Johnson & Johnson,CM,HH,LF,Scandal 1135p-1235a Sa,P04-GB,0.5,PA-Personal Products
K & G Men's Center,CM,A25-54,LF,Local News @ 10p M-F R,P04-GB,1.0,RT-Clothing/Apparel/Accessories
K Hovnanian Companies of Calif.,PRO,HH,AM,Local News @ 6a M-F,P08-BF,0.5,HO-Manufactured Homes
K Hovnanian Companies of Calif.-Direct,CM,W35-54,AM,12p M-F CC Spon BB 10,P04-GB,1.0,HO-Manufactured Homes
K12 Broadcast,CM,W25-54,EN,TD Jakes 3-4p*,P05-SB,1.0,ED-Trade Schools
"KD Studio, Inc",TI,A25-54,DY,9a M-F On Location TI 06,P01-STN,0.0,ED-Schools
Kalypso Wellness Center,TI,HH,DY,9a M-F Studio Seg TI 06,P01-STN,0.2,ME-Medical Research/Services
Kawai Piano Gallery,CM,A35+,AM,Good Morning America,P05-SB,1.0,RT-Specialty Stores
Kellogg,CM,HH,LF,ET 1035-1135p Sa,P04-GB,1.0,PA-Food
Ketchum Public Relations,TI,A25-54,DY,9a M-F Studio Seg TI 06,P01-STN,0.0,PA-Food
Key Whitman,CM,A55-64,DY,Local News @ 12p M-F,P04-GB,1.0,ME-Eyecare/Optical Services
Kia Motors,CM,A25-54,EN,Local News @ 4p M-F,P04-GB,1.0,AU-Kia
Kidde,CM,A25-54,ON,211-241a M-Th,P07-ZD,1.0,SE-Alarms/Security
Kimbell Arts Museum,CM,A35+,DY,Inside Ed 230-3p*,P04-GB,1.0,ET-Amusement Parks/Attractions
Kindred,CM,W50+,AM,Local News @ 6a M-F,P04-GB,0.0,ME-Hospitals/Clinics
Koslows Furs,CM,A25-54,DY,Local News @ 4p M-F,P04-GB,1.0,RT-Clothing/Apparel/Accessories
Kroger,CM,W25-54,LF,Local News @ 4p M-F,P04-GB,1.0,RT-Supermarkets/Grocery Stores
"Kumon North America, Inc",CM,W25-49,AM,Good Morning America,P05-SB,0.5,ED-Schools
L'Oreal,CM,HH,LF,Scandal 1130p-1230a Su,P05-SB,0.5,PA-Personal Products
LG Electronics US Inc,CM,A35-64,AM,Good Morning America,P04-GB,1.0,RT-Electronic Stores
Land Rover Dallas / Jaguar Dallas,CM,A35+,LF,Nightline,P04-GB,1.0,AU-Land Rover
Las Vegas Convention Bureau,CM,A25-54,ON,Inside Ed 1206-1236a,P04-GB,1.0,TR-Convention & Visitor Bureaus
Laser Spine Institute,CM,A35-64,EN,Local News @ 5p M-F,P04-GB,2.0,ME-Hospitals/Clinics
LaserCare Eye Center,CM,A50+,AM,Local News @ 6a M-F,P04-GB,1.0,ME-Eyecare/Optical Services
Leake Auction Co,CM,M35-64,LN,Local News @ 10p M-F,P04-GB,1.0,AU-Used
Lebco Industries dba La-Z-Boy,CM,W35-64,AM,Local News @ 6a M-F,P05-SB,1.0,RT-Furniture
Lexus,CM,A25-49,AM,Good Morning America,P04-GB,0.5,AU-Lexus
Liberty University,CM,W35-54,EN,Local News @ 4p M-F,P04-GB,1.0,ED-Universities/Colleges
Lifebrands,PP,HH,PAID,PP 141-211a M-F,P01-STN,57.0,Direct Response
Lifetime Television,CM,W25-54,AM,Good Morning America,P03-PB,1.0,MD-Television/Pay Per View
Lincoln Division,CM,A25-54,AM,Local News @ 5a M-F,P05-SB,1.0,AU-Lincoln Mercury
Lions Gate Films,CM,A18-49,PA,ET 630-7p,P04-GB,0.5,ET-Movies Video & Theatres
Live Nation - Dallas,CM,A25-54,AM,Good Morning America,P04-GB,0.0,ET-Spectator Events - Conc/Sports/Tradeshow/Fairs
Livingston Hearing,CM,A25-54,DY,Local News @ 4p M-F,P05-SB,2.0,ME-Medical Equipment
Lockard & Wechsler,PP,HH,PAID,PP 111-141a M-F,P01-STN,57.0,DI-Per Inquiry
Loncar and Associates,CM,A21-49,LF,Daily Blast Live 3-330p,P05-SB,1.0,SE-Attorneys/Legal
Lone Star Park,CM,A25-64,ON,ON (M-Su),P05-SB,1.0,ET-Casinos/Racetracks
Lone Star Sports & Entertainment,CM,A25-54,AM,Local News @ 5a M-F,P05-SB,0.5,ET-Spectator Events - Conc/Sports/Tradeshow/Fairs
Lonestar Transfer,TI,HH,DY,9a M-F Studio Seg TI 06,P01-STN,0.2,BA-Financial Services
Lowe's,TI,HH,DY,9a M-F Studio Seg TI 06,P01-STN,0.2,HO-Home Improvement - Other
Luna Carpet,CM,W25-54,DY,Local News @ 4p M-F,P05-SB,1.0,HO-Carpet/Floor Covering
MTV Network,CM,A18-34,PR,Mon Prime Other,P03-PB,0.5,MD-Television/Pay Per View
Maaco,CM,HH,LF,Scandal 1135p-1235a Sa,P05-SB,1.0,AS-Repairs & Service
Main Event Entertainment,CM,HH,LF,Good Morning Texas 9-10a,P05-SB,1.0,ET-Amusement Parks/Attractions
MainVue Homes - Direct,CM,A35-54,ON,211-241a M-Th,P06-UD,1.0,HO-Manufactured Homes
Maine Lobster Marketing Collaborative,TI,A25-54,DY,9a M-F Studio Seg TI 06,P04-GB,0.2,SE-Services - Other
Mansfield Tourism,TI,A25-54,DY,9a M-F Studio Seg TI 06,P01-STN,0.0,TR-Tourist Attractions
Mariloff Diamonds & Fine Jewelry,BB,A25-54,EN,530p Su VS Spon BB 10,P01-STN,0.0,RT-Jewelry Stores
Marvel Entertainment LLC,CM,A18-49,EN,Local News @ 4p M-F,P03-PB,1.0,ET-Movies Video & Theatres
Mary Kay - direct,TI,A25-54,DY,9a M-F Studio Seg TI 06,P01-STN,0.2,RT-Retail - Other
Mattress Firm,CM,A25-54,EN,Local News @ 4p M-F,P05-SB,0.5,RT-Beds-Mattress
Mattress Firm Direct,CM,W35-64,AM,Local News @ 5a M-F,P04-GB,1.0,RT-Beds-Mattress
Mavericks Basketball,TI,HH,DY,9a M-F Studio Seg TI 06,P01-STN,0.2,ET-Spectator Events - Conc/Sports/Tradeshow/Fairs
Mazda Dealers,CM,A18-49,AM,Good Morning America,P02-FTB,1.0,AU-Mazda
McDonald's,BB,A25-54,AM,6a M-F Traffic Spon BB 10,P01-STN,0.0,RS-Fast Food
McKinney Buick GMC,CM,A25-54,AM,Local News @ 6a M-F,P05-SB,1.0,AU-Buick
Media Design Group / Program,PP,HH,PAID,PP 1-130p Su,P01-STN,57.0,DI-Paid Programs - Non-Religious
Medieval Times USA - In House,CM,W25-49,AM,Good Morning America,P04-GB,1.0,ET-Movies Video & Theatres
Memphis Police Department Training Academy,CM,A25-54,DY,Good Morning Texas 9-10a,P05-SB,0.5,SE-Career/Recruitment/Personnel
Men's Wearhouse,CM,M25-54,LF,Local News @ 430a M-F,P05-SB,1.0,RT-Clothing/Apparel/Accessories
Mercedes Benz,CM,A25-54,LF,Local News @ 10p M-F R,P04-GB,1.0,AU-Mercedes
Merck & Company,CM,HH,AM,Good Morning America Su,P04-GB,3.0,OI-Pharmaceutical
Mercury Media / Paid,PP,HH,PAID,PP 141-211a M-F,P01-STN,57.0,DI-Paid Programs - Non-Religious
Merial Ltd.,CM,W25-54,DY,Inside Ed 1206-1236a,P05-SB,1.0,OI-Pharmaceutical
Merle Norman,CM,A25-54,DY,TD Jakes 3-4p*,P04-GB,1.0,PA-Cosmetics
Methodist Health System,CM,W25-49,AM,Good Morning America,P04-GB,0.0,ME-Hospitals/Clinics
Metro PCS,CM,A18-49,PR,ET 630-7p,P04-GB,1.0,TL-Wireless
MetroTex,CM,HH,DY,Good Morning Texas 9-10a,P04-GB,1.0,SE-Realtors
Metroplex Cadillac Dealers Advertising Association,CM,A25-54,DY,The View,P04-GB,1.0,AU-Cadillac
"Michael Kors (USA), Inc.",CM,A25-54,DY,Daily Blast Live 230-3p,P05-SB,1.0,RT-Clothing/Apparel/Accessories
Milestone Electric,CM,A25-64,AM,Good Morning America,P04-GB,1.0,SE-Electricians
Minimally Invasive Spine Institute,CM,W35-64,DY,12p M-F CC Spon BB 10,P04-GB,1.0,ME-Hospitals/Clinics
Mint Dentistry,CM,HH,ON,TD Jakes 3-4p*,P08-BF,1.0,ME-Dentists
"Money Lady, The",CM,A21-54,DY,Local News @ 12p M-F,P05-SB,2.0,BA-Financial Services
Monroe County Tourism,CM,A35-64,AM,Local News @ 5a M-F,P04-GB,1.0,TR-Convention & Visitor Bureaus
Moody Gardens - Direct,TI,A25-54,DY,9a M-F Studio Seg TI 06,P01-STN,0.2,TR-Hotels/Motels/Resorts
Morningstar Aledo Development,TI,HH,DY,9a M-F Studio Seg TI 06,P01-STN,0.2,HO-Manufactured Homes
Mosquito Nix,TI,A25-54,DY,9a M-F Studio Seg TI 06,P01-STN,0.2,SE-Lawn Care Services/Landscaping
Multivu,CM,HH,AM,Good Morning America Sa,P03-PB,1.0,MD-Television/Pay Per View
Musso Family Dentistry,TI,HH,DY,9a M-F Studio Seg TI 06,P01-STN,0.2,ME-Dentists
Mustang Lakes,TI,HH,DY,9a M-F Studio Seg TI 06,P01-STN,0.2,HO-Manufactured Homes
N.C.D.A of Metro Dallas,CM,A35-54,AM,Local News @ 5a M-F,P04-GB,1.0,AU-Multi Brand Dealership
NAB,CM,A25-54,WK,Wknd ROS 11a-530p Sa-Su,P08-BF,1.0,OI-Non-Revenue Generating Other
NRG Energy Inc,CM,A25-49,EN,Local News @ 4p M-F,P05-SB,1.0,UT-Utilities - Electricity
National Laser Institute - Direct,TI,A25-54,DY,9a M-F Studio Seg TI 06,P01-STN,0.2,ME-Cosmetic Surgery
Nebraska Funiture Mart,CM,A25-54,AM,Local News @ 5a M-F,P04-GB,1.0,RT-Furniture
Nest,CM,A25-54,LF,Local News @ 10p M-F R,P04-GB,1.0,SE-Alarms/Security
Nestle Food Company,CM,A25-54,LF,Inside Ed 1206-1236a,P05-SB,1.0,PA-Food
Netflix,CM,W18-49,PR,Mon Prime Other,P03-PB,1.0,ET-Movies Video & Theatres
New AC Unit,TI,HH,DY,Good Morning Texas 9-10a,P01-STN,0.2,SE-Air Conditioining & Heating
New Age Smile dba Golpa Dental Implant Center - Da,CM,A35+,AM,Good Morning America,P04-GB,1.0,ME-Dentists
New Balance DFW,CM,W35-64,EN,Local News @ 4p M-F,P04-GB,1.0,RT-Department Stores/Malls
New Braunfels CVB - Direct,TI,A35+,DY,9a M-F Produced Seg TI 06,P01-STN,0.2,TR-Convention & Visitor Bureaus
New Day Marketing,PP,HH,PAID,PP 111-141a M-F,P01-STN,57.0,DI-Paid Programs - Non-Religious
Newfit Ltd. dba Fitness Connections,CM,HH,AM,Inside Ed 1206-1236a,P05-SB,1.0,SE-Health Clubs/Spas/Fitness Centers
Newton Media Assoc Inc.,PP,HH,PAID,PP 111-141a M-F,P01-STN,57.0,Direct Response
Nicholson Clinic,CM,W25-54,LF,Jimmy Kimmel,P04-GB,1.0,ME-Hospitals/Clinics
Nicholson Clinic Texas General Co-Op,CM,A25-54,AM,Good Morning America,P04-GB,1.0,ME-Hospitals/Clinics
Nike,CM,A21-34,PR,Mon Prime Other,P02-FTB,1.0,RT-Clothing/Apparel/Accessories
Nissan Regional Marketing Group,CM,A25-54,AM,6a M-F Sports BB 05,P04-GB,1.0,AU-Nissan
Nissan of McKinney,CM,A25-54,AM,Local News @ 6a M-F,P05-SB,1.0,AU-Nissan
North Texas Buick Pontiac GMC Dealers Advertising,CM,A35-54,LN,Local News @ 10p M-F,P04-GB,1.0,AU-Buick
North Texas Chevy Dealers Advertising Association,CM,A25-54,EN,6p M-F Spon BB 10,P04-GB,1.0,AU-Chevrolet
North Texas Ford,CM,A25-54,LN,Local News @ 12p M-F,P04-GB,1.0,AU-Ford
North Texas Honda Dealerships Assoc.,CM,A25-49,AM,6a M-F Web Sign Off TI 06,P05-SB,1.0,AU-Honda
North Texas Tollway Authority,TI,A25-54,DY,9a M-F Studio Seg TI 06,P01-STN,0.2,TR-Airlines/Trains/Buses
NorthPark Merchant's Association,TI,HH,DY,9a M-F Studio Seg TI 06,P01-STN,0.2,RT-Department Stores/Malls
Novartis,CM,HH,LF,Local News @ 10p M-F R,P04-GB,2.0,OI-Pharmaceutical
NutriMost First Coast,TI,A25-54,DY,9a M-F Studio Seg TI 06,P01-STN,0.2,ME-Hospitals/Clinics
Olive Garden,CM,HH,LF,Scandal 1135p-1235a Sa,P05-SB,0.5,RS-Restaurants/Other
Olshan Foundation Repair Co of Dallas LLC,CM,A25-54,AM,Local News @ 12p M-F,P05-SB,1.0,HO-Home Improvement - Other
Oncor,CM,A25-54,EN,Local News @ 6p M-F,P04-GB,1.0,UT-Utilities - Electricity
Oncor - direct,TI,A25-54,DY,9a M-F Studio Seg TI 06,P01-STN,0.2,SE-Services - Other
Open Road Films,CM,W35-54,LF,Jimmy Kimmel,P03-PB,1.0,ET-Movies Video & Theatres
Operation Kindness,TI,HH,DY,9a M-F Studio Seg TI 06,P01-STN,0.2,SE-Non-profit/Charity Organizations
Operation Smile,PP,HH,PAID,PP 12-1p Sa,P01-STN,117.0,DI-Paid Programs - Non-Religious
Orchard Managment,CM,A35+,AM,Local News @ 430a M-F,P05-SB,1.0,RT-Supermarkets/Grocery Stores
Orkin,CM,HH,AM,Local News @ 4p M-F,P05-SB,1.0,SE-Bugs/Pests/Exterminators
PPG International Finishes,CM,A25-54,AM,Local News @ 5a M-F,P04-GB,0.5,HO-Home Improvement - Other
PRxPR,CM,A25-54,ON,ON (M-Su),P07-ZD,1.0,SE-Services - Other
"Panera, LLC dba Panera Bread Company",CM,A25-54,AM,Good Morning America,P05-SB,1.0,RS-Restaurants/Other
Papa John's Pizza,CM,HH,EN,Local News @ 5p M-F,P04-GB,0.5,RS-Fast Food
Papa Murphy's Pizza,CM,A25-54,EN,Local News @ 4p M-F,P05-SB,0.0,RS-Fast Food
Paramount Pictures,CM,A25-54,LF,Jimmy Kimmel,P04-GB,1.0,ET-Movies Video & Theatres
Park Cities Ford,CM,A25-54,AM,Good Morning America,P04-GB,1.0,AU-Ford
Park Place Dealerships,CM,A25-54,AM,Good Morning America,P05-SB,1.0,AU-Multi Brand Dealership
Parker University,TI,HH,DY,9a M-F Studio Seg TI 06,P01-STN,0.2,ED-Schools
Patron Spirits,CM,A21-49,LF,Jimmy Kimmel,P03-PB,1.0,OI - Alcoholic Beverages.
"Pavilion at Toyota Music Factory, The",CM,A25-54,AM,Good Morning America,P04-GB,0.0,ET-Spectator Events - Conc/Sports/Tradeshow/Fairs
Paypal,CM,A18-49,PR,The View,P05-SB,1.0,BA-Banks/Loans
Pearl Records,CM,A18-34,AM,Good Morning America,P04-GB,0.0,ET-Movies Video & Theatres
"Peddler Show, The",CM,W50+,DY,General Hospital,P05-SB,1.0,ET-Spectator Events - Conc/Sports/Tradeshow/Fairs
Peloton Interactive LLC,CM,A35-54,DY,Local News @ 12p M-F,P04-GB,1.0,RT-Sporting Goods
Pentagon Federal Credit Union,CM,A25-54,AM,Good Morning Texas 9-10a,P04-GB,1.0,BA-Credit Unions
People Generation Inc.,CM,A25-54,AM,Good Morning America,P05-SB,1.0,SE-Services - Other
"Perfect Light, The",CM,A35-64,AM,Good Morning America,P04-GB,1.0,HO-Home Improvement - Other
Performing Arts Fort Worth,CM,W35-64,AM,Local News @ 6p M-F,P04-GB,0.0,ET-Movies Video & Theatres
Pernix Therapeutics,CM,HH,EN,Local News @ 4p M-F,P03-PB,2.0,OI-Pharmaceutical
Perrigo Company,CM,W25-54,PR,Local News @ 5p M-F,P04-GB,0.5,OI-Pharmaceutical
Pfizer Inc.,CM,W25-54,AM,Local News @ 6a M-F,P05-SB,1.0,OI-Pharmaceutical
"Phillips Painting, Inc",CM,W35-64,DY,Good Morning America,P04-GB,1.0,HO-Home Improvement - Other
Physician Partners of America C/O Wenstrom Commu,CM,A25-54,DY,Local News @ 4p M-F,P05-SB,0.5,ME-Hospitals/Clinics
Physician Ptnrs of Am dba Texas Pain Relief Group,CM,A25-54,EN,Local News @ 4p M-F,P04-GB,0.5,ME-Doctors/Physicians
"Pink Plumber, The",CM,HH,AM,Good Morning Texas 9-10a,P04-GB,1.0,SE-Plumbers
Pinnacle Foods,CM,HH,AM,Local News @ 7a Sa,P04-GB,0.5,PA-Food
Planet Fitness,CM,A25-49,AM,Local News @ 5a M-F,P05-SB,0.5,SE-Health Clubs/Spas/Fitness Centers
Plastic & Cosmetic Surgery Center of Texas,TI,A25-54,DY,9a M-F Studio Seg TI 06,P01-STN,0.2,ME-Cosmetic Surgery
Plexaderm,CM,W35+,DY,9a M-F Studio Seg TI 06,P05-SB,0.0,PA-Cosmetics
Popeye's Corp,CM,A25-49,PR,Local News @ 10p M-F,P05-SB,0.5,RS-Fast Food
Power Swabs,CM,A18+,DY,Local News @ 12p M-F,P05-SB,0.0,ME-Dentists
Precision Siding,CM,A50+,DY,Local News @ 4p M-F,P04-GB,2.0,HO-Home Improvement - Other
Prestonwood Church,PP,A25-54,PAID,PP 630-7a Su,P01-STN,57.0,DI-Paid Programs - Religious
Procter & Gamble,CM,W25+,DY,TD Jakes 3-4p*,P06-UD,1.0,PA-Packaged Goods - Other
"Professional Bull Riders, Inc",CM,M18-49,AM,Local News @ 5a M-F,P04-GB,1.0,ET-Spectator Events - Conc/Sports/Tradeshow/Fairs
Progressive Insurance,CM,A18-49,DY,Local News @ 4p M-F,P04-GB,1.0,Insurance - Non-Medical Only
Progressive Lighting dba Lee Lighting,CM,W35-54,AM,Local News @ 10p M-F,P05-SB,1.0,HO-Home Improvement - Other
Prosperity Bank - TX,CM,A35-54,AM,Local News @ 6a M-F,P04-GB,0.0,BA-Banks/Loans
Prudential Insurance,CM,HH,LF,Jimmy Kimmel,P04-GB,1.0,IN-Auto Insurance
PulteGroup,TI,A25-54,DY,9a M-F Produced Seg TI 06,P01-STN,0.0,HO-Manufactured Homes
Pureflix Entertainment,CM,W35+,DY,Good Morning America,P05-SB,0.5,MD-Television/Pay Per View
Qbical LLC dba TriplePlay Studios,CM,A25-54,ON,ON (M-Su),P04-GB,2.0,MD-Digital Media
Quick Trip,CM,A18-49,LF,Local News @ 10p M-F R,P04-GB,1.0,RT-Convenience Stores/Gas Stns
Quintiles Patient Research,CM,A50+,DY,Local News @ 4p M-F,P04-GB,1.0,ME-Medical Research/Services
RJ Construction,CM,A35-64,AM,Local News @ 12p M-F,P04-GB,1.0,SE-Services - Other
RJT Commercial Inc dba Ram Jack,CM,A35+,EN,Local News @ 5p M-F,P05-SB,1.0,HO-HH Lawn /Garden Supplies
Racetrac,CM,HH,AM,Local News @ 5a M-F,P05-SB,2.0,RT-Convenience Stores/Gas Stns
Raising Cane's,CM,A18-49,LN,Dale H SS 1035-11p Su,P05-SB,1.0,RS-Fast Food
Ranches at Deer Oaks,CM,W35-64,AM,Local News @ 5p M-F,P04-GB,0.0,SE-Services - Other
"Ranches at Whispering Meadows, The",CM,A25-54,DY,Local News @ 12p M-F,P05-SB,0.0,HO-Home Improvement - Other
Ranches at Woodland Ridge,CM,A25-54,EN,Local News @ 5p M-F,P05-SB,0.0,HO-Manufactured Homes
Reckitt Benckiser,CM,W25-54,LF,Local News @ 10p Sa R,P05-SB,0.5,PA-Packaged Goods - Other
Red Gold Tomatoes,CM,W25-49,AM,Local News @ 430a M-F,P04-GB,1.0,PA-Food
Red Lobster,CM,HH,LF,Scandal 1135p-1235a Sa,P04-GB,1.0,RS-Restaurants/Other
Red River Tourism,CM,A35+,AM,Local News @ 6a M-F,P04-GB,1.0,TR-Hotels/Motels/Resorts
Regent University,CM,A18-49,LF,9a M-F CC Spon BB 10,P05-SB,1.0,ED-Universities/Colleges
Reily Foods,CM,W35-64,DY,General Hospital,P04-GB,1.0,PA-Food
Relaro Medical Trials,TI,HH,DY,9a M-F Studio Seg TI 06,P01-STN,0.2,ME-Medical Research/Services
Relay Texas Capt. Telephone,CM,W35-64,AM,Local News @ 12p M-F,P04-GB,1.0,TL-Phone Services
Reliant Energy,CM,A25-49,DY,Local News @ 12p M-F,P05-SB,1.0,UT-Utilities - Electricity
Reliant Energy - Direct,TI,A25-54,DY,9a M-F Studio Seg TI 06,P01-STN,0.2,UT-Utilities - Electricity
Remax Realtors,CM,A25-54,EN,Local News @ 4p M-F,P05-SB,0.5,SE-Realtors
Remed Pain & Wellness,TI,HH,DY,9a M-F Studio Seg TI 06,P01-STN,0.2,ME-Hospitals/Clinics
Ren Scott Productions,CM,A35-54,DY,Local News @ 12p M-F,P04-GB,2.0,DI-Paid Programs - Non-Religious
Renew Medical Weight Loss,TI,A25-54,DY,9a M-F Studio Seg TI 06,P01-STN,0.0,ME-Hospitals/Clinics
Research Concepts GP LLC,CM,A25-54,AM,Local News @ 6a M-F,P05-SB,1.0,ME-Medical Research/Services
ResponsiveEd Solutions,TI,A25-54,DY,9a M-F Studio Seg TI 06,P01-STN,0.2,ED-Schools
Ring.com,CM,HH,AM,Good Morning America Su,P05-SB,1.0,MD-Digital Media
Roadside Attractions LLC,CM,W35+,DY,Jimmy Kimmel,P04-GB,1.0,ET-Movies Video & Theatres
Robson Communities,CM,A50-64,AM,Local News @ 8a Su,P04-GB,1.0,SE-Realtors
Rockwall Ford,CM,A25-54,AM,Local News @ 5a M-F,P06-UD,1.0,AU-Ford
Rockwall Ford - direct,CM,A25-54,LF,Local News @ 10p Sa R,P06-UD,1.0,AU-Ford
Rocky Mountaineer,CM,A50+,AM,Good Morning America,P04-GB,1.0,TR-Airlines/Trains/Buses
Rodney Anderson Lending Services-direct,TI,A25-54,DY,9a M-F Studio Seg TI 06,P01-STN,0.2,BA-Banks/Loans
Rolling Creek Ranch,CM,A25-54,EN,Local News @ 5p M-F,P04-GB,0.0,HO-Manufactured Homes
Rolling Meadows Ranch,CM,A25-54,EN,Local News @ 5p M-F,P04-GB,0.0,SE-Realtors
Rooms To Go,CM,W25-54,LF,TD Jakes 3-4p*,P04-GB,1.0,RT-Furniture
Rosa's Cafe,CM,A18+,AM,6p M-F CC Spon BB 10,P04-GB,0.0,RS-Restaurants/Other
Ross Stores,CM,HH,AM,ET 630-7p,P05-SB,1.0,RT-Department Stores/Malls
Royal Caribbean,CM,A25-54,AM,Good Morning America,P05-SB,1.0,TR-Hotels/Motels/Resorts
Rusty by Design LLC,TI,HH,DY,9a M-F Studio Seg TI 06,P01-STN,0.2,RT-Retail - Other
SBM Life Science,CM,A35+,AM,Local News @ 430a M-F,P04-GB,1.0,HO-HH Lawn /Garden Supplies
SCI Funeral & Cemetery Purchasing Cooperative Inc.,CM,HH,AM,Local News @ 10p M-F R,P04-GB,1.0,SE-Funeral Homes/Services
STX Entertainment,ZONE,W25-54,AM,Good Morning America,P04-GB,0.5,ET-Movies Video & Theatres
Safelite,CM,HH,LF,Local News @ 10p M-F R,P04-GB,1.0,AS-Repairs & Service
Safeway,CM,A25-54,AM,The View,P05-SB,0.0,RT-Supermarkets/Grocery Stores
Salvation Army,PSA,A25-54,ON,211-241a M-Th,P04-GB,1.0,RT-Discount Stores
Sam Pack Five Star Subaru,CM,A25-54,DY,Local News @ 6a M-F,P04-GB,0.5,AU-Subaru
Sam Pack Ford Auto Group,CM,A25-54,AM,Good Morning America,P04-GB,1.0,AU-Ford
Sam Pack Ford of Carrollton,CM,A25-64,AM,Local News @ 6a M-F,P04-GB,1.0,AU-Ford
Sam Pack Subaru of Grapevine,CM,A25-54,AM,Local News @ 6a M-F,P05-SB,1.0,AU-Subaru
Sam's Club,TI,A25-54,DY,9a M-F Studio Seg TI 06,P01-STN,0.2,RT-Discount Stores
San Diego CVB,CM,A25-54,PR,ET 630-7p,P04-GB,1.0,TR-Convention & Visitor Bureaus
Sandals Resort,CM,A25-54,WK,Wknd ROS 4-6a Sa/4-9a Su,P04-GB,1.0,TR-Hotels/Motels/Resorts
Sanderson Farms,CM,W25-54,LF,Inside Ed 1206-1236a,P04-GB,1.0,PA-Packaged Goods - Other
Sanofi Aventis,CM,W25-54,LF,Good Morning America,P05-SB,1.0,ME-Medical Research/Services
Scott Pet Products Inc,CM,A25-54,LN,Local News @ 10p M-F,P04-GB,1.0,PA-Pet Supplies/Food
Scotts Company,CM,A25-54,EN,Local News @ 4p M-F,P05-SB,1.0,HO-HH Lawn /Garden Supplies
Sea World Parks,CM,W25-54,AM,Local News @ 12p M-F,P04-GB,1.0,ET-Amusement Parks/Attractions
Sealy Mattress,CM,HH,AM,Local News @ 5a M-F,P07-ZD,0.5,RT-Beds-Mattress
Seconds and Surplus,CM,A35-54,DY,Local News @ 12p M-F,P04-GB,1.0,HO-Home Improvement - Other
Select Comfort,CM,A25-54,LF,Inside Ed 1206-1236a,P05-SB,1.0,RT-Furniture
Service Pros Auto Center,CM,HH,AM,Good Morning America,P05-SB,1.0,AS-Repairs & Service
Sewell Motors Inc,CM,A35-64,LN,Local News @ 10p M-F,P05-SB,1.0,AU-Multi Brand Dealership
Shen Yun Performing Arts - direct,CM,A25-54,EN,Local News @ 6p M-F,P04-GB,1.0,ET-Movies Video & Theatres
Shop With Style,TI,A25-54,DY,9a M-F Studio Seg TI 06,P01-STN,0.0,RT-Retail - Other
Show Technology,CM,A25-54,AM,Local News @ 10p M-F R,P04-GB,0.5,ET-Spectator Events - Conc/Sports/Tradeshow/Fairs
Signature Productions,CM,A25-54,AM,Local News @ 6a M-F,P02-FTB,1.0,HO-Pools/Hot Tubs/Supplies
Simon Malls,BB,W25-49,DY,Inside Ed 330-4p,P01-STN,0.3333333333,RT-Department Stores/Malls
Simon Malls/ Premuim Outlets,TI,A25-54,DY,9a M-F On Location TI 06,P01-STN,0.2,RT-Department Stores/Malls
Simple Sleep Services LLC,CM,A35-64,AM,Local News @ 6a M-F,P04-GB,1.0,ME-Medical Equipment
Six Flags Hurricane Harbor,CM,W25-49,EF,TD Jakes 3-4p*,P04-GB,0.0,ET-Amusement Parks/Attractions
Six Flags Over Texas,CM,W25-49,EF,TD Jakes 3-4p*,P06-UD,0.0,ET-Amusement Parks/Attractions
"Sketch Strategy, LLC",TI,HH,DY,9a M-F Studio Seg TI 06,P01-STN,0.2,SE-Services - Other
Sleep Experts Mattress,CM,A25-54,LF,TD Jakes 3-4p*,P05-SB,1.0,RT-Beds-Mattress
Slimgeneration,TI,W25+,DY,9a M-F Studio Seg TI 06,P01-STN,0.2,ME-Cosmetic Surgery
Sly & Associates,CM,A25-54,LF,Scandal 1130p-1230a Su,P05-SB,0.5,RT-Specialty Stores
Smuckers,CM,W25-54,AM,Local News @ 5a M-F,P05-SB,0.5,PA-Food
Solis Mammography,CM,W35-64,DY,Local News @ 12p M-F,P05-SB,1.0,ME-Hospitals/Clinics
Solta Medical Inc,TI,HH,DY,9a M-F Studio Seg TI 06,P01-STN,0.2,SE-Diet/Weight Loss/Nutrition
Sonic,CM,A18-49,LF,Local News @ 10p M-F R,P05-SB,1.0,RS-Fast Food
Sonobello,CM,HH,DY,Inside Ed 230-3p*,P04-GB,2.0,ME-Cosmetic Surgery
Sony Music,CM,W18-54,PR,Mon Prime Other,P04-GB,1.0,RT-Retail - Other
Sony Pictures,CM,A25-49,AM,Good Morning America,P04-GB,0.5,ET-Movies Video & Theatres
Sony Pictures Classics,CM,A35-64,DY,Local News @ 10p M-F,P04-GB,0.5,ET-Movies Video & Theatres
Southern Lexus Dealers,CM,M25-54,LN,Local News @ 10p M-F,P05-SB,1.0,AU-Lexus
Southern New Hampshire University,CM,A25-49,PR,Mon Prime Other,P03-PB,1.0,ED-Universities/Colleges
Southwest Dealer Group,CM,A25-54,DY,Good Morning Texas 9-10a,P04-GB,1.0,AU-Kia
Southwest Transplant Alliance,PRO,HH,DY,9a M-F Studio Seg TI 06,P08-BF,0.5,SE-Non-profit/Charity Organizations
Spa & Pool Inc - Direct,CM,A35-54,AM,Local News @ 4p M-F,P04-GB,1.0,HO-HH Lawn /Garden Supplies
Spa810,TI,A25-54,DY,9a M-F Studio Seg TI 06,P01-STN,0.2,SE-Health Clubs/Spas/Fitness Centers
Spectrum Brands,CM,M35-64,SP,Indy 500,P04-GB,1.0,RT-Retail - Other
Spine Team Texas,TI,HH,DY,9a M-F Studio Seg TI 06,P01-STN,0.2,ME-Doctors/Physicians
Sprint,CM,A18-49,LF,Inside Ed 1206-1236a,P04-GB,1.0,TL-Wireless
St. Jude Childrens Research Hospital,CM,W25-54,EN,Local News @ 6p M-F,P04-GB,1.0,DI-Direct Response
St. Martin's Press,CM,A35-64,AM,Good Morning America,P04-GB,0.5,RT-Retail - Other
Stacy's Furniture,CM,W25-54,AM,Good Morning America,P04-GB,1.0,RT-Furniture
Stamps.com,CM,HH,AM,Good Morning America Su,P05-SB,1.0,RT-Other
Stand Together,TI,HH,DY,9a M-F Studio Seg TI 06,P01-STN,0.2,RT-Retail - Other
Stanley Steemer,CM,W35-64,AM,Local News @ 5a M-F,P05-SB,1.0,HO-Carpet/Floor Covering
"Starpower Home Entertainment Systems, Inc",CM,A25-64,AM,Local News @ 6a M-F,P04-GB,0.0,RT-Electronic Stores
Starz Entertainment,CM,HH,PR,Good Morning America,P03-PB,1.0,MD-Television/Pay Per View
State Fair of Texas-direct,CM,W25-54,AM,Local News @ 6a M-F,P04-GB,1.0,ET-Spectator Events - Conc/Sports/Tradeshow/Fairs
Statewide Remodeling,TI,A25-54,DY,9a M-F On Location TI 06,P01-STN,0.2,HO-Home Improvement - Other
SteinMart,CM,W35-54,DY,ET 630-7p,P04-GB,1.0,RT-Retail - Other
Stephen F. Austin State University,CM,A35+,AM,Good Morning America,P05-SB,1.0,ED-Universities/Colleges
Strayer University,CM,HH,DY,The View,P05-SB,0.5,ED-Universities/Colleges
Sub-Zero,TI,A25-54,DY,9a M-F Studio Seg TI 06,P04-GB,0.2,RT-Appliance Stores
Subaru of America,CM,A25-54,LN,Local News @ 10p M-F,P04-GB,1.0,AU-Subaru
Subway Restaurant,CM,HH,LF,Inside Ed 1206-1236a,P07-ZD,0.5,RS-Fast Food
Sundance Square,CM,A25-54,EN,Local News @ 4p M-F,P04-GB,1.0,ET-Spectator Events - Conc/Sports/Tradeshow/Fairs
Sunnyland Furniture,BB,A35+,DY,4p M-F CC Spon BB 10,P01-STN,0.3333333333,RT-Furniture
Swisher Chiropractic,TI,HH,DY,9a M-F Studio Seg TI 06,P01-STN,0.2,ME-Doctors/Physicians
Synapticdigital,CM,HH,AM,Good Morning America Sa,P05-SB,1.0,ED-Schools
Synexus,CM,A25+,DY,The View,P05-SB,1.0,ME-Medical Research/Services
TAKL,CM,HH,AM,Local News @ 4p M-F,P05-SB,1.0,OI-Technology
TBC Corporation,CM,A25-54,AM,Local News @ 7a Sa,P05-SB,0.5,AS-Auto Supplies
TBC Corporation - Tire Kingdom,CM,A25-54,AM,Inside Ed 1206-1236a,P05-SB,1.0,AS-Auto Supplies
TEGNA Promotion,CM,A25-54,WK,Wknd ROS 4-6a Sa/4-9a Su,P08-BF,0.5,OI-Non-Revenue Generating Other
TEGNA Syndication Promotion,CM,A25-54,WK,Wknd ROS 11a-530p Sa-Su,P01-STN,1.0,OI-Non-Revenue Generating Other
TGI Fridays,CM,A25-54,LF,TD Jakes 3-4p*,P05-SB,1.0,RS-Restaurants/Other
TJX Companies,CM,W25-54,AM,Good Morning America,P05-SB,1.0,RT-Department Stores/Malls
"TMS Neuro Solutions, LLC",TI,A25-54,DY,9a M-F Studio Seg TI 06,P01-STN,0.0,ME-Medical Research/Services
TPL Operating Inc dba The Perfect Light,CM,A35-64,DY,Good Morning America,P04-GB,1.0,HO-Home Improvement - Other
TVB,CM,A25-54,WK,Wknd ROS 4-6a Sa/4-9a Su,P01-STN,1.0,SE-Non-profit/Charity Organizations
TXU,CM,A25-54,EN,Good Morning America,P01-STN,1.0,UT-Utilities - Electricity
Taco Bueno Texas LP,CM,A25-49,LF,TD Jakes 3-4p*,P05-SB,0.5,RS-Fast Food
Taco Cabana,CM,A21-49,AM,Local News @ 5a M-F,P04-GB,1.0,RS-Fast Food
Take 5 Oil Change,CM,HH,LF,Scandal 1130p-1230a Su,P05-SB,1.0,AS-Repairs & Service
Tanger Outlet Center,CM,W25-54,LN,Local News @ 10p M-F,P05-SB,1.0,RT-Department Stores/Malls
Tangible Media,PP,HH,PAID,PP 241-311a F,P01-STN,57.0,DI-Paid Programs - Non-Religious
Tanseth Inc,BB,HH,DY,9a M-F WX Spon BB 10,P01-STN,0.3333333333,RT-Furniture
Tarrant County RV Show,CM,A25-54,DY,Local News @ 12p M-F,P05-SB,1.0,ET-Spectator Events - Conc/Sports/Tradeshow/Fairs
Tarrant Regional Water District,CM,A25-54,AM,Local News @ 6a M-F,P05-SB,0.5,UT-Utilities - Electricity
Tarrant Roofing,CM,W35-64,DY,Good Morning Texas 9-10a,P04-GB,1.0,HO-Home Improvement - Other
Taxact.com,CM,A18-49,EN,Local News @ 4p M-F,P05-SB,1.0,BA-Financial Services
Ted Machi & Assoc,CM,A35+,ON,ON (M-Su),P04-GB,1.0,SE-Attorneys/Legal
Tempur-Sealy,CM,A25-54,AM,Good Morning America,P04-GB,1.0,RT-Beds-Mattress
Texan Allergy & Sinus Center,CM,W25-54,AM,Good Morning America,P05-SB,1.0,ME-Hospitals/Clinics
Texan Allergy Center,CM,A35-64,DY,Local News @ 4p M-F,P04-GB,1.0,ME-Doctors/Physicians
Texas A&M Commerce,BB,A25-54,AM,6a M-F VS Spon BB 10,P01-STN,0.0,ED-Universities/Colleges
"Texas Appliance Supply, Inc",CM,A25-54,AM,Good Morning America,P04-GB,1.0,RT-Appliance Stores
Texas Ballet Theatre,CM,A25+,LF,Local News @ 6a M-F,P04-GB,1.0,ET-Movies Video & Theatres
Texas Cars Direct,TI,HH,DY,9a M-F On Location TI 06,P01-STN,0.2,AU-Used
Texas Dairy Queen,CM,A25-54,DY,Good Morning Texas 9-10a,P04-GB,1.0,RS-Fast Food
Texas Dental Enterprises,TI,A25-54,DY,9a M-F On Location TI 06,P01-STN,0.2,ME-Dentists
Texas Department of Transportation,CM,A25-54,LF,The View,P04-GB,1.0,OI-Government Agencies/Services
Texas Health Resources,CM,A35-64,PR,Local News @ 6a M-F,P05-SB,1.0,ME-Hospitals/Clinics
Texas Health and Human Services,CM,A65+,EN,Local News @ 6p M-F,P04-GB,1.0,OI-Government Agencies/Services
Texas Home Improvement,CM,A25-54,DY,Local News @ 4p M-F,P05-SB,2.0,HO-Home Improvement - Other
Texas Home and Gardens Shows,CM,A25-54,AM,Good Morning America,P05-SB,1.0,ET-Spectator Events - Conc/Sports/Tradeshow/Fairs
Texas Lending.com,CM,A25-54,AM,Good Morning America,P04-GB,1.0,BA-Banks/Loans
Texas Lottery,CM,A18-49,PR,ET 630-7p,P05-SB,1.0,ET-Lottery
Texas Motor Speedway,CM,A18+,LN,1035p Su Spon BB 05,P01-STN,1.0,ET-Spectator Events - Conc/Sports/Tradeshow/Fairs
Texas Oncology,CM,A50+,EN,Good Morning America,P04-GB,1.0,ME-Hospitals/Clinics
Texas Pipeline Awareness,CM,A18+,AM,Local News @ 6a M-F,P04-GB,0.0,SE-Services - Other
Texas Rangers,CM,A25-54,DY,Local News @ 6p M-F,P04-GB,0.0,ET-Spectator Events - Conc/Sports/Tradeshow/Fairs
Texas Recreational Vehicle Association,CM,A35+,AM,Local News @ 12p M-F,P04-GB,1.0,ET-Spectator Events - Conc/Sports/Tradeshow/Fairs
Texas Scottish Rite Hospital for Children,CM,W25-54,EN,Local News @ 4p M-F,P05-SB,1.0,ME-Hospitals/Clinics
Texas Toyota of Grapevine,CM,A25-54,AM,Good Morning America,P05-SB,1.0,AU-Toyota
Texas Wesleyan University,CM,P12-24,AM,Local News @ 6a M-F,P05-SB,1.0,ED-Universities/Colleges
Thompson Law LLC,CM,HH,DY,Local News @ 4p M-F,P05-SB,0.0,SE-Attorneys/Legal
Three Ring Advertising,CM,A25-49,AM,Good Morning America,P05-SB,0.5,ET-Spectator Events - Conc/Sports/Tradeshow/Fairs
Tilson Home Corporation,CM,A25-54,AM,Local News @ 7a Sa,P04-GB,1.0,HO-Home Improvement - Other
Title Max Holdings,CM,A25-54,DY,211-241a M-Th,P04-GB,1.0,BA-Financial Services
Toyota of Dallas,CM,A25-54,AM,Good Morning America,P05-SB,1.0,AU-Toyota
Toyota of Rockwall,TI,HH,DY,9a M-F Studio Seg TI 06,P01-STN,0.2,AU-Toyota
Tracfone,CM,A25-54,EF,TD Jakes 3-4p*,P05-SB,0.0,TL-Wireless
Traders Village of Dallas Ft Worth,CM,A18+,AM,Local News @ 4p M-F,P04-GB,1.0,ET-Spectator Events - Conc/Sports/Tradeshow/Fairs
Trinity Groves,CM,A25-54,LN,Jimmy Kimmel,P04-GB,0.0,RS-Restaurants/Other
Trophy Nissan,CM,A25-54,AM,430a M-F ID BB 04,P05-SB,1.0,AU-Nissan
Turner Network Television,CM,A18-49,PR,Mon Prime C,P03-PB,1.0,MD-Radio
Twentieth Century Fox,CM,W25-54,AM,Good Morning America,P04-GB,1.0,ET-Movies Video & Theatres
Twentieth Century Fox Home Entertainment,CM,W25-54,AM,Local News @ 6a M-F,P04-GB,0.5,ET-Movies Video & Theatres
Tyson Foods,CM,A25-54,AM,Good Morning America Su,P05-SB,0.5,PA-Food
U-Haul International,CM,A21-54,ON,Jimmy Kimmel,P04-GB,1.0,RT-Other
UPS Store,CM,HH,AM,Local News @ 6a M-F,P04-GB,1.0,SE-Services - Other
USMD Holdings Inc,TI,A25-54,DY,9a M-F Studio Seg TI 06,P01-STN,0.2,BA-Banks/Loans
UT Southwestern,CM,W35-64,AM,Local News @ 5a M-F,P05-SB,1.0,ME-Hospitals/Clinics
Ubuildit - OK,CM,A18+,ON,TD Jakes 3-4p*,P05-SB,1.0,HO-Home Improvement - Other
Ultimate Bariatrics,CM,A25-54,AM,Local News @ 5a M-F,P04-GB,0.5,ME-Cosmetic Surgery
Uncle Julio's,CM,A35+,DY,Local News @ 4p M-F,P05-SB,0.5,RS-Restaurants/Other
Under Armour,CM,A18-54,LF,Jimmy Kimmel,P03-PB,2.0,RT-Clothing/Apparel/Accessories
Unilever,CM,W18-49,LF,Scandal 1130p-1230a Su,P03-PB,1.0,PA-Personal Products
Union Park,CM,W35-54,AM,Local News @ 4p M-F,P05-SB,1.0,HO-Manufactured Homes
United Health Care,CM,HH,DY,Local News @ 12p M-F,P05-SB,4.0,IN-Medical/Dental/Vision Insurance
United States Traffic Network (USTN),BART,HH,AM,Local News @ 5a M-F,P04-GB,0.3333333333,OI-Non-Revenue Generating Other
United Way of Tarrant County,CM,A18+,AM,HSS 11-1130p Su,P04-GB,0.0,SE-Non-profit/Charity Organizations
"Universal Health Services, INC",CM,A65+,AM,Good Morning America,P05-SB,1.0,ME-Hospitals/Clinics
Universal Pictures,CM,A18-49,PA,ET 630-7p,P04-GB,1.0,ET-Movies Video & Theatres
Universal Technical Institute,CM,M18-34,LN,Dale H SS 1035-11p Su,P04-GB,1.0,ED-Trade Schools
University of Phoenix,CM,HH,AM,Good Morning America Sa,P05-SB,1.0,ED-Universities/Colleges
Vanda,CM,HH,LF,Local News @ 10p M-F R,P04-GB,0.5,OI-Pharmaceutical
Vein Clinics of America,CM,W35-54,DY,Local News @ 12p M-F,P05-SB,2.0,Direct Response
Venetian Hotel,CM,A25-54,LF,Jimmy Kimmel,P04-GB,1.0,TR-Hotels/Motels/Resorts
Verdegy,TI,A25-54,DY,9a M-F Studio Seg TI 06,P01-STN,0.2,OI-Technology
Verizon,CM,A18-49,EN,Local News @ 4p M-F,P04-GB,1.0,TL-Wireless
Verizon Wireless - Direct,TI,HH,DY,9a M-F On Location TI 06,P01-STN,0.2,TL-Wireless
Veteran's Land Board,CM,A25-54,LF,Local News @ 10p M-F R,P04-GB,1.0,BA-Banks/Loans
Visionworks,CM,W35-64,AM,Local News @ 430a M-F,P04-GB,0.0,ME-Eyecare/Optical Services
Visit Denver,CM,A25-54,LN,Local News @ 10p M-F,P05-SB,1.0,TR-Convention & Visitor Bureaus
Visit Florida,CM,A25-54,EF,ET 630-7p,P04-GB,1.0,TR-Convention & Visitor Bureaus
Visit San Antonio,TI,A25-54,DY,9a M-F Studio Seg TI 06,P01-STN,0.2,TR-Convention & Visitor Bureaus
Volkswagen,CM,A25-54,AM,Local News @ 10p M-F R,P04-GB,0.0,AU-Volkswagen
"Volvo Cars North America, LLC",CM,A35-54,AM,Local News @ 10p M-F,P05-SB,1.0,AU-Volvo
Voya Financial,CM,A25-54,AM,Local News @ 8a Su,P07-ZD,0.5,BA-Financial Services
WFAA-TV - Direct,SWAP,HH,AM,Good Morning Texas 9-10a,P08-BF,0.5,MD-Television/Pay Per View
"WT Johnson, Attorney at Law",CM,A35-64,AM,Local News @ 430a M-F,P05-SB,1.0,SE-Attorneys/Legal
"Wag Labs, Inc",CM,HH,ON,ON (M-Su),P05-SB,1.0,SE-Services - Other
Walmart,CM,A18-49,AM,Local News @ 5a M-F,P04-GB,1.0,RT-Discount Stores
Wellborn Garage Doors,BB,A25-54,LN,10p Su VS Spon BB 10,P01-STN,0.0,HO-Home Improvement - Other
Wellcare,CM,HH,DY,Good Morning Texas 9-10a,P04-GB,2.0,IN-Medical/Dental/Vision Insurance
Western Dental Services,CM,A25-54,DY,Inside Ed 230-3p*,P04-GB,1.0,ME-Dentists
Western Governors University,CM,A25-49,AM,TD Jakes 3-4p*,P04-GB,1.0,ED-Universities/Colleges
What's on Parker's Plate,TI,HH,DY,9a M-F Studio Seg TI 06,P01-STN,0.0,RS-Restaurants/Other
Whataburger,CM,A18-49,AM,Local News @ 10p M-F R,P05-SB,1.0,RS-Fast Food
William Grant & Sons,CM,M25-49,ON,ON (M-Su),P06-UD,1.0,OI-Alcohol
Willow Bend Dental,CM,A35-64,DY,Good Morning Texas 9-10a,P04-GB,1.0,ME-Dentists
Window World,CM,A35-64,ON,241-4a M-Th,P04-GB,1.0,HO-Home Improvement - Other
"Wingstop Restaurants, Inc.",CM,A18-49,LF,Nightline,P04-GB,0.5,RS-Restaurants/Other
Wise County Health dba My Bariatric Solutions,CM,A25-54,AM,Local News @ 4p M-F,P05-SB,0.5,ME-Cosmetic Surgery
Wise County Health dba My Bariatric Solutions-dire,CM,A25-54,EN,Local News @ 6a M-F,P05-SB,0.5,ME-Cosmetic Surgery
World Vision,CM,W35-64,AM,9a M-F Studio Seg TI 06,P04-GB,1.0,SE-Non-profit/Charity Organizations
Wrangler,CM,A25-54,SP,NFL Wild Card Game,P04-GB,0.0,RT-Clothing/Apparel/Accessories
Yakult,CM,W35-54,LF,Nightline,P05-SB,1.0,PA-Beverages
Yankee Candle Co. Inc,CM,W18-49,PR,Fri Prime A,P04-GB,1.0,RT-Discount Stores
You Fit Health Clubs,CM,A18-49,LN,Dale H SS 1035-11p Su,P04-GB,1.0,SE-Health Clubs/Spas/Fitness Centers
Zerozez-DFW LLC,TI,HH,DY,9a M-F Studio Seg TI 06,P01-STN,0.2,HO-Carpet/Floor Covering
"Zest Communications, LLC",TI,A25-54,DY,9a M-F Studio Seg TI 06,P01-STN,0.0,SE-Diet/Weight Loss/Nutrition
Zillow.com,CM,HH,LF,ET 1035-1135p Sa,P04-GB,1.0,SE-Realtors
chickasaw,CM,A25-54,DY,Local News @ 10p M-F,P05-SB,1.0,ET-Casinos/Racetracks
