,Unnamed: 0,Advertiser,Zipcode,sub-category,Daypart,Qtr,Spot_Length,clusters
0,0,Lebco Industries dba La-Z-Boy,75220,RT-Furniture,AM,1,900.0,0
1,1,Yankee Candle Co. Inc,1373,RT-Discount Stores,PR,2,900.0,2
2,2,Home Goods,1701,RT-Department Stores/Malls,PR,3,900.0,1
3,3,TJX Companies,2109,RT-Department Stores/Malls,AM,1,900.0,0
4,4,Orchard Managment,3820,RT-Supermarkets/Grocery Stores,AM,3,900.0,3
5,5,Groupe SEB USA dba T-Fal Wearever,7052,RT-Appliance Stores,AM,4,450.0,4
6,6,LG Electronics US Inc,7632,RT-Electronic Stores,AM,2,900.0,2
7,7,Burlington Coat Factory,8016,RT-Department Stores/Malls,AM,4,450.0,4
8,8,Peloton Interactive LLC,10001,RT-Sporting Goods,DY,2,900.0,2
9,9,Sony Music,10007,RT-Retail - Other,PR,4,900.0,1
10,10,H & M Stores,10011,RT-Department Stores/Malls,LF,3,900.0,0
11,11,Casper.com dba Casper Sleep,10012,RT-Beds-Mattress,LF,3,900.0,0
12,12,Bass Pro Shops,10017,RT-Sporting Goods,EN,1,450.0,0
13,13,K & G Men's Center,10018,RT-Clothing/Apparel/Accessories,LF,2,900.0,2
14,14,GNC,10023,RT-Retail - Other,MISC,1,900.0,0
15,15,St. Martin's Press,10023,RT-Retail - Other,AM,3,450.0,3
16,16,Shop With Style,10028,RT-Retail - Other,DY,2,0.0,2
17,17,"Michael Kors (USA), Inc.",10036,RT-Clothing/Apparel/Accessories,DY,4,900.0,1
18,18,Wrangler,10965,RT-Clothing/Apparel/Accessories,SP,1,0.0,0
19,21,Mattress Firm,11101,RT-Beds-Mattress,EN,4,450.0,1
20,22,Dick's Sporting Goods,15108,RT-Sporting Goods,AM,3,900.0,3
21,23,Ikea,19801,RT-Furniture,DY,1,900.0,0
22,24,Great American Cookies,21117,RT-Specialty Stores,DY,4,900.0,1
23,25,Under Armour,21230,RT-Clothing/Apparel/Accessories,LF,3,1800.0,3
24,26,Stand Together,22201,RT-Retail - Other,DY,3,180.0,3
25,27,Salvation Army,22314,RT-Discount Stores,ON,3,900.0,0
26,28,"Dump, The",23462,RT-Furniture,DY,1,900.0,0
27,29,Sealy Mattress,27370,RT-Beds-Mattress,AM,1,450.0,0
28,30,Tanger Outlet Center,27408,RT-Department Stores/Malls,LN,4,900.0,1
29,31,Family Dollar,28201,RT-Discount Stores,DY,4,450.0,1
30,32,Belk,28217,RT-Department Stores/Malls,EN,4,900.0,1
31,33,Racetrac,30080,RT-Convenience Stores/Gas Stns,AM,4,1800.0,4
32,34,Havertys Furniture,30342,RT-Furniture,DY,4,900.0,1
33,35,SteinMart,32207,RT-Retail - Other,DY,4,900.0,1
34,36,Five Below,33309,RT-Discount Stores,LF,4,450.0,1
35,37,Rooms To Go,33584,RT-Furniture,LF,3,900.0,0
36,38,Tempur-Sealy,40511,RT-Beds-Mattress,AM,1,900.0,0
37,39,Good Neighbor Pharmacies,43137,RT-Drug Stores,MISC,3,900.0,0
38,40,Big Lots,43228,RT-Discount Stores,DY,4,900.0,1
39,41,Art Liquidators,48910,RT-Discount Stores,MISC,1,900.0,0
40,42,Spectrum Brands,53711,RT-Retail - Other,PR,2,900.0,2
41,43,3M Corp,55144,RT-Office Supply/Furniture,AM,3,450.0,3
42,44,Walmart,55402,RT-Discount Stores,AM,3,900.0,3
43,45,Conn's,55402,Electronic Stores,EN,4,900.0,1
44,46,Select Comfort,55442,RT-Furniture,LF,1,900.0,0
45,47,Aldi Foods,60510,RT-Supermarkets/Grocery Stores,PR,4,900.0,1
46,48,Cabela's Incorporated,60601,RT-Sporting Goods,EN,4,900.0,1
47,49,Koslows Furs,63131,RT-Clothing/Apparel/Accessories,DY,1,900.0,0
48,50,Nebraska Funiture Mart,68134,RT-Furniture,AM,3,900.0,3
49,51,Dillards Department Store,72201,RT-Department Stores/Malls,PR,4,900.0,1
50,52,Sam's Club,72716,RT-Discount Stores,DY,1,180.0,0
51,53,Hemisphere,73112,RT-Furniture,AM,1,900.0,0
52,54,Quick Trip,74134,RT-Convenience Stores/Gas Stns,LF,4,900.0,1
53,55,Mary Kay - direct,75001,RT-Retail - Other,DY,3,180.0,3
54,56,Tanseth Inc,75006,RT-Furniture,DY,1,300.0,0
55,57,Sleep Experts Mattress,75007,RT-Beds-Mattress,LF,3,900.0,0
56,58,JC Penney,75024,RT-Department Stores/Malls,LF,4,900.0,1
57,59,IBB Design Group,75034,RT-Furniture,DY,1,180.0,0
58,60,Great Western Furniture,75041,RT-Furniture,DY,1,450.0,0
59,61,B's Knees,75041,RT-Decorating/Interior Design,DY,4,180.0,1
60,62,Ashley Furniture Homestores - Dallas,75050,RT-Furniture,AM,1,900.0,0
61,63,At Home Furnishings,75074,RT-Furniture,DY,4,450.0,1
62,64,Kawai Piano Gallery,75075,RT-Specialty Stores,AM,4,900.0,4
63,65,International Suit Wearhouse,75080,RT-Clothing/Apparel/Accessories,AM,4,450.0,4
64,66,Albra Dewyn LLC,75115,RT-Specialty Stores,DY,1,0.0,0
65,67,Rusty by Design LLC,75126,RT-Retail - Other,DY,4,180.0,1
66,68,Door LLC,75205,RT-Decorating/Interior Design,DY,2,180.0,2
67,69,NorthPark Merchant's Association,75206,RT-Department Stores/Malls,DY,1,180.0,0
68,70,"Common Desk IP, LLC",75206,RT-Retail - Other,DY,2,180.0,2
69,71,Sub-Zero,75219,RT-Appliance Stores,DY,2,180.0,2
70,72,"Diamond Broker Inc, The",75230,RT-Jewelry Stores,AM,4,900.0,4
71,73,Freeds Home Furnishings,75244,RT-Furniture,AM,4,900.0,4
72,74,Global Rug Liquidators,75244,RT-Decorating/Interior Design,ON,4,900.0,1
73,75,"Starpower Home Entertainment Systems, Inc",75248,RT-Electronic Stores,AM,1,0.0,0
74,76,Sunnyland Furniture,75254,RT-Furniture,LF,2,900.0,2
75,77,Albertson's - direct,76011,RT-Supermarkets/Grocery Stores,DY,2,180.0,2
76,78,New Balance DFW,76016,RT-Department Stores/Malls,EN,4,900.0,1
77,79,"Texas Appliance Supply, Inc",76018,RT-Appliance Stores,AM,4,900.0,4
78,80,Stacy's Furniture,76051,RT-Furniture,AM,4,900.0,4
79,81,Cavender's Boot City,76102,RT-Department Stores/Malls,LF,1,900.0,0
80,82,Sly & Associates,76248,RT-Specialty Stores,LF,4,450.0,1
81,83,Fiesta Marts,77007,RT-Supermarkets/Grocery Stores,LF,2,450.0,2
82,84,Simon Malls,77056,RT-Department Stores/Malls,DY,4,300.0,1
83,85,Celltex Therapuetics Corporation,77057,RT-Drug Stores,AM,2,900.0,2
84,86,Mattress Firm Direct,77072,RT-Beds-Mattress,AM,1,900.0,0
85,87,Academy Sports & Outdoor,77449,RT-Sporting Goods,AM,4,900.0,4
86,88,Bassett Furniture - TX,78739,RT-Furniture,AM,3,900.0,3
87,89,Albertsons,83706,RT-Supermarkets/Grocery Stores,AM,3,0.0,3
88,90,U-Haul International,85004,RT-Other,ON,3,900.0,0
89,91,Stamps.com,90245,RT-Other,AM,2,900.0,2
90,92,CIMPRESS USA INC,92008,RT-Other,AM,2,900.0,2
91,93,Boot Barn,92618,RT-Department Stores/Malls,EN,4,900.0,1
92,94,Jewelry Exchange,92680,RT-Jewelry Stores,ON,4,900.0,1
93,95,"Gap, The",94105,RT-Department Stores/Malls,PR,1,900.0,0
94,96,Safeway,94588,RT-Supermarkets/Grocery Stores,AM,3,0.0,3
95,97,Ross Stores,94588,RT-Department Stores/Malls,AM,3,900.0,3
96,98,Nike,97005,RT-Clothing/Apparel/Accessories,PR,1,900.0,0
97,99,Kroger,97242,RT-Supermarkets/Grocery Stores,MISC,1,900.0,0
98,100,Busy Body Fitness,98020,RT-Sporting Goods,LF,4,900.0,1
99,101,Amazon.com,98109,RT-Retail - Other,LF,1,900.0,0
100,102,Simon Malls/ Premuim Outlets,98119,RT-Department Stores/Malls,DY,4,180.0,1
101,103,Jab-Jos A Bank,75240,RT-Clothing/Apparel/Accessories,LF,1,900.0,0
