,Advertiser,Zipcode,sub-category,Daypart,Qtr,Spot_Length
0,Lebco Industries dba La-Z-Boy,75220,RT-Furniture,AM,1,900
1,Yankee Candle Co. Inc,1373,RT-Discount Stores,PR,2,900
2,Home Goods,1701,RT-Department Stores/Malls,PR,3,900
3,TJX Companies,2109,RT-Department Stores/Malls,AM,1,900
4,Orchard Managment,3820,RT-Supermarkets/Grocery Stores,AM,3,900
5,Groupe SEB USA dba T-Fal Wearever,7052,RT-Appliance Stores,AM,4,450
6,LG Electronics US Inc,7632,RT-Electronic Stores,AM,2,900
7,Burlington Coat Factory,8016,RT-Department Stores/Malls,AM,4,450
8,Peloton Interactive LLC,10001,RT-Sporting Goods,DY,2,900
9,Sony Music,10007,RT-Retail - Other,PR,4,900
10,H & M Stores,10011,RT-Department Stores/Malls,LF,3,900
11,Casper.com dba Casper Sleep,10012,RT-Beds-Mattress,LF,3,900
12,Bass Pro Shops,10017,RT-Sporting Goods,EN,1,450
13,K & G Men's Center,10018,RT-Clothing/Apparel/Accessories,LF,2,900
14,GNC,10023,RT-Retail - Other,MISC,1,900
15,St. Martin's Press,10023,RT-Retail - Other,AM,3,450
16,Shop With Style,10028,RT-Retail - Other,DY,2,0
17,"Michael Kors (USA), Inc.",10036,RT-Clothing/Apparel/Accessories,DY,4,900
18,Wrangler,10965,RT-Clothing/Apparel/Accessories,SP,1,0
21,Mattress Firm,11101,RT-Beds-Mattress,EN,4,450
22,Dick's Sporting Goods,15108,RT-Sporting Goods,AM,3,900
23,Ikea,19801,RT-Furniture,DY,1,900
24,Great American Cookies,21117,RT-Specialty Stores,DY,4,900
25,Under Armour,21230,RT-Clothing/Apparel/Accessories,LF,3,1800
26,Stand Together,22201,RT-Retail - Other,DY,3,180
27,Salvation Army,22314,RT-Discount Stores,ON,3,900
28,"Dump, The",23462,RT-Furniture,DY,1,900
29,Sealy Mattress,27370,RT-Beds-Mattress,AM,1,450
30,Tanger Outlet Center,27408,RT-Department Stores/Malls,LN,4,900
31,Family Dollar,28201,RT-Discount Stores,DY,4,450
32,Belk,28217,RT-Department Stores/Malls,EN,4,900
33,Racetrac,30080,RT-Convenience Stores/Gas Stns,AM,4,1800
34,Havertys Furniture,30342,RT-Furniture,DY,4,900
35,SteinMart,32207,RT-Retail - Other,DY,4,900
36,Five Below,33309,RT-Discount Stores,LF,4,450
37,Rooms To Go,33584,RT-Furniture,LF,3,900
38,Tempur-Sealy,40511,RT-Beds-Mattress,AM,1,900
39,Good Neighbor Pharmacies,43137,RT-Drug Stores,MISC,3,900
40,Big Lots,43228,RT-Discount Stores,DY,4,900
41,Art Liquidators,48910,RT-Discount Stores,MISC,1,900
42,Spectrum Brands,53711,RT-Retail - Other,PR,2,900
43,3M Corp,55144,RT-Office Supply/Furniture,AM,3,450
44,Walmart,55402,RT-Discount Stores,AM,3,900
45,Conn's,55402,Electronic Stores,EN,4,900
46,Select Comfort,55442,RT-Furniture,LF,1,900
47,Aldi Foods,60510,RT-Supermarkets/Grocery Stores,PR,4,900
48,Cabela's Incorporated,60601,RT-Sporting Goods,EN,4,900
49,Koslows Furs,63131,RT-Clothing/Apparel/Accessories,DY,1,900
50,Nebraska Funiture Mart,68134,RT-Furniture,AM,3,900
51,Dillards Department Store,72201,RT-Department Stores/Malls,PR,4,900
52,Sam's Club,72716,RT-Discount Stores,DY,1,180
53,Hemisphere,73112,RT-Furniture,AM,1,900
54,Quick Trip,74134,RT-Convenience Stores/Gas Stns,LF,4,900
55,Mary Kay - direct,75001,RT-Retail - Other,DY,3,180
56,Tanseth Inc,75006,RT-Furniture,DY,1,300
57,Sleep Experts Mattress,75007,RT-Beds-Mattress,LF,3,900
58,JC Penney,75024,RT-Department Stores/Malls,LF,4,900
59,IBB Design Group,75034,RT-Furniture,DY,1,180
60,Great Western Furniture,75041,RT-Furniture,DY,1,450
61,B's Knees,75041,RT-Decorating/Interior Design,DY,4,180
62,Ashley Furniture Homestores - Dallas,75050,RT-Furniture,AM,1,900
63,At Home Furnishings,75074,RT-Furniture,DY,4,450
64,Kawai Piano Gallery,75075,RT-Specialty Stores,AM,4,900
65,International Suit Wearhouse,75080,RT-Clothing/Apparel/Accessories,AM,4,450
66,Albra Dewyn LLC,75115,RT-Specialty Stores,DY,1,0
67,Rusty by Design LLC,75126,RT-Retail - Other,DY,4,180
68,Door LLC,75205,RT-Decorating/Interior Design,DY,2,180
69,NorthPark Merchant's Association,75206,RT-Department Stores/Malls,DY,1,180
70,"Common Desk IP, LLC",75206,RT-Retail - Other,DY,2,180
71,Sub-Zero,75219,RT-Appliance Stores,DY,2,180
72,"Diamond Broker Inc, The",75230,RT-Jewelry Stores,AM,4,900
73,Freeds Home Furnishings,75244,RT-Furniture,AM,4,900
74,Global Rug Liquidators,75244,RT-Decorating/Interior Design,ON,4,900
75,"Starpower Home Entertainment Systems, Inc",75248,RT-Electronic Stores,AM,1,0
76,Sunnyland Furniture,75254,RT-Furniture,LF,2,900
77,Albertson's - direct,76011,RT-Supermarkets/Grocery Stores,DY,2,180
78,New Balance DFW,76016,RT-Department Stores/Malls,EN,4,900
79,"Texas Appliance Supply, Inc",76018,RT-Appliance Stores,AM,4,900
80,Stacy's Furniture,76051,RT-Furniture,AM,4,900
81,Cavender's Boot City,76102,RT-Department Stores/Malls,LF,1,900
82,Sly & Associates,76248,RT-Specialty Stores,LF,4,450
83,Fiesta Marts,77007,RT-Supermarkets/Grocery Stores,LF,2,450
84,Simon Malls,77056,RT-Department Stores/Malls,DY,4,300
85,Celltex Therapuetics Corporation,77057,RT-Drug Stores,AM,2,900
86,Mattress Firm Direct,77072,RT-Beds-Mattress,AM,1,900
87,Academy Sports & Outdoor,77449,RT-Sporting Goods,AM,4,900
88,Bassett Furniture - TX,78739,RT-Furniture,AM,3,900
89,Albertsons,83706,RT-Supermarkets/Grocery Stores,AM,3,0
90,U-Haul International,85004,RT-Other,ON,3,900
91,Stamps.com,90245,RT-Other,AM,2,900
92,CIMPRESS USA INC,92008,RT-Other,AM,2,900
93,Boot Barn,92618,RT-Department Stores/Malls,EN,4,900
94,Jewelry Exchange,92680,RT-Jewelry Stores,ON,4,900
95,"Gap, The",94105,RT-Department Stores/Malls,PR,1,900
96,Safeway,94588,RT-Supermarkets/Grocery Stores,AM,3,0
97,Ross Stores,94588,RT-Department Stores/Malls,AM,3,900
98,Nike,97005,RT-Clothing/Apparel/Accessories,PR,1,900
99,Kroger,97242,RT-Supermarkets/Grocery Stores,MISC,1,900
100,Busy Body Fitness,98020,RT-Sporting Goods,LF,4,900
101,Amazon.com,98109,RT-Retail - Other,LF,1,900
102,Simon Malls/ Premuim Outlets,98119,RT-Department Stores/Malls,DY,4,180
103,Jab-Jos A Bank,75240,RT-Clothing/Apparel/Accessories,LF,1,900
